id,name,imageURL
1058418,白石かんな,http://pics.dmm.co.jp/mono/actjpgs/siraisi_kanna.jpg
1053422,飯山香織,http://pics.dmm.co.jp/mono/actjpgs/iiyama_kaori.jpg
15570,KAORI,http://pics.dmm.co.jp/mono/actjpgs/kaori3.jpg
1038172,さくらい麻乃,no-url
1048872,赤渕蓮,http://pics.dmm.co.jp/mono/actjpgs/akahuti_ren.jpg
1014279,新山かえで,http://pics.dmm.co.jp/mono/actjpgs/niiyama_kaede.jpg
1064050,星優香,no-url
1018026,古川いおり,http://pics.dmm.co.jp/mono/actjpgs/kogawa_iori.jpg
1055895,吉岡ひより,http://pics.dmm.co.jp/mono/actjpgs/yosioka_hiyori.jpg
1042035,北川礼子,http://pics.dmm.co.jp/mono/actjpgs/kitagawa_reiko.jpg
1035596,黒木いくみ,http://pics.dmm.co.jp/mono/actjpgs/kuroki_ikumi.jpg
1046112,星あめり,http://pics.dmm.co.jp/mono/actjpgs/hosi_ameri.jpg
1044814,相沢夏帆,http://pics.dmm.co.jp/mono/actjpgs/aizawa_kaho2.jpg
1065651,逢坂りの,no-url
1065526,初愛ねんね,http://pics.dmm.co.jp/mono/actjpgs/ui_nenne.jpg
1060916,田原凛花,http://pics.dmm.co.jp/mono/actjpgs/tahara_rinka.jpg
1020504,白石茉莉奈,http://pics.dmm.co.jp/mono/actjpgs/siraisi_marina.jpg
1060592,希代あみ,http://pics.dmm.co.jp/mono/actjpgs/kitai_ami.jpg
1034081,さくらみゆき,http://pics.dmm.co.jp/mono/actjpgs/sakura_miyuki.jpg
1049172,若宮穂乃,http://pics.dmm.co.jp/mono/actjpgs/wakamiya_hono.jpg
1055231,有栖いおり,http://pics.dmm.co.jp/mono/actjpgs/arisu_iori.jpg
1048559,森下美怜,http://pics.dmm.co.jp/mono/actjpgs/morisita_mirei.jpg
1046172,はるかみらい,http://pics.dmm.co.jp/mono/actjpgs/haruka_mirai.jpg
1030985,鮎原いつき,http://pics.dmm.co.jp/mono/actjpgs/ayuhara_ituki.jpg
1053420,竹内有紀,http://pics.dmm.co.jp/mono/actjpgs/takeuti_yuki2.jpg
1027757,久我かのん,http://pics.dmm.co.jp/mono/actjpgs/kuga_kanon.jpg
1051349,福山いろは,no-url
1042119,桜もこ,http://pics.dmm.co.jp/mono/actjpgs/sakura_moko.jpg
1046149,七海ティナ,http://pics.dmm.co.jp/mono/actjpgs/nanami_thina.jpg
1029696,三喜本のぞみ,http://pics.dmm.co.jp/mono/actjpgs/mikimoto_nozomi.jpg
1053041,早美れむ,http://pics.dmm.co.jp/mono/actjpgs/hayami_remu.jpg
1057837,七瀬いおり,http://pics.dmm.co.jp/mono/actjpgs/nanase_iori.jpg
1063276,天使ゆら,http://pics.dmm.co.jp/mono/actjpgs/amatuka_yura.jpg
1023710,土屋あさみ,http://pics.dmm.co.jp/mono/actjpgs/tutiya_asami.jpg
1030527,水谷あおい,http://pics.dmm.co.jp/mono/actjpgs/mizutani_aoi.jpg
1013376,橘芹那,http://pics.dmm.co.jp/mono/actjpgs/tatibana_serina.jpg
1047077,茉莉ひな,http://pics.dmm.co.jp/mono/actjpgs/maturi_hina.jpg
1062521,福富りょう,no-url
1042129,七沢みあ,http://pics.dmm.co.jp/mono/actjpgs/nanasawa_mia.jpg
1064000,高梨有紗,http://pics.dmm.co.jp/mono/actjpgs/takanasi_arisa.jpg
1062309,西田那津,no-url
1034298,神坂ひなの,http://pics.dmm.co.jp/mono/actjpgs/kamisaka_hinano.jpg
1051751,森本つぐみ,http://pics.dmm.co.jp/mono/actjpgs/morimoto_tugumi.jpg
1041963,桐谷なお,http://pics.dmm.co.jp/mono/actjpgs/kiritani_nao.jpg
1034927,佐倉ねね,http://pics.dmm.co.jp/mono/actjpgs/sakura_nene.jpg
1019300,水野朝陽,http://pics.dmm.co.jp/mono/actjpgs/mizuno_asahi.jpg
26820,桜井千春,http://pics.dmm.co.jp/mono/actjpgs/sakurai_tiharu.jpg
1053517,知花凛,http://pics.dmm.co.jp/mono/actjpgs/tibana_rin.jpg
1059492,竹内夏希,http://pics.dmm.co.jp/mono/actjpgs/takeuti_natuki.jpg
1051794,根尾あかり,http://pics.dmm.co.jp/mono/actjpgs/neo_akari.jpg
1058572,清音咲良,no-url
1057914,花宮あむ,http://pics.dmm.co.jp/mono/actjpgs/hanamiya_amu.jpg
1030118,折原ほのか,http://pics.dmm.co.jp/mono/actjpgs/orihara_honoka.jpg
1033119,今井真由美,http://pics.dmm.co.jp/mono/actjpgs/imai_mayumi.jpg
1041897,神宮寺ナオ,http://pics.dmm.co.jp/mono/actjpgs/zinguuzi_nao.jpg
1028545,佐藤ゆか,http://pics.dmm.co.jp/mono/actjpgs/sato_yuka.jpg
1044547,逢沢りいな,http://pics.dmm.co.jp/mono/actjpgs/aizawa_riina.jpg
1047250,米倉穂香,http://pics.dmm.co.jp/mono/actjpgs/yonekura_honoka.jpg
1042465,川田みはる（三田杏）,http://pics.dmm.co.jp/mono/actjpgs/mita_an.jpg
1041522,海空花,no-url
1038345,すみれ美香,http://pics.dmm.co.jp/mono/actjpgs/sumire_mika.jpg
1060530,美倉あやみ,no-url
1063722,凪沙ゆきの,http://pics.dmm.co.jp/mono/actjpgs/nagisa_yukino.jpg
1068671,北野未奈,http://pics.dmm.co.jp/mono/actjpgs/kitano_mina.jpg
1058839,中山琴葉,http://pics.dmm.co.jp/mono/actjpgs/nakayama_kotoha.jpg
1060673,心実るな,http://pics.dmm.co.jp/mono/actjpgs/kokomi_runa.jpg
1064214,平井栞奈,http://pics.dmm.co.jp/mono/actjpgs/hirai_kanna.jpg
1061586,森日向子,http://pics.dmm.co.jp/mono/actjpgs/mori_hinako.jpg
1066113,篠原りこ,http://pics.dmm.co.jp/mono/actjpgs/sinohara_riko.jpg
1047378,夏原唯,http://pics.dmm.co.jp/mono/actjpgs/natuhara_yui.jpg
1063726,葉月シュリ,http://pics.dmm.co.jp/mono/actjpgs/haduki_syuri.jpg
1059553,来まえび,http://pics.dmm.co.jp/mono/actjpgs/kurumaebi.jpg
1006606,蘭々,no-url
1050139,篠崎かんな,http://pics.dmm.co.jp/mono/actjpgs/shinozaki_kanna.jpg
1053256,奏音かのん,http://pics.dmm.co.jp/mono/actjpgs/kanade_kanon.jpg
1029367,天音りん,http://pics.dmm.co.jp/mono/actjpgs/amane_rin.jpg
1048878,優月心菜,http://pics.dmm.co.jp/mono/actjpgs/yuduki_kokona.jpg
1042293,長谷川まや,http://pics.dmm.co.jp/mono/actjpgs/hasegawa_maya.jpg
1036062,雛菊つばさ,http://pics.dmm.co.jp/mono/actjpgs/hinagiku_tubasa.jpg
1028704,三原ほのか,http://pics.dmm.co.jp/mono/actjpgs/mihara_honoka.jpg
1036690,水嶋アリス,http://pics.dmm.co.jp/mono/actjpgs/mizusima_arisu.jpg
1042053,望月あられ,http://pics.dmm.co.jp/mono/actjpgs/mochizuki_arare.jpg
1008965,奥田咲,http://pics.dmm.co.jp/mono/actjpgs/okuda_saki.jpg
1062260,ももたらら,http://pics.dmm.co.jp/mono/actjpgs/momota_rara.jpg
28011,里美ゆりあ,http://pics.dmm.co.jp/mono/actjpgs/satomi_yuria.jpg
1042462,豊中アリス,http://pics.dmm.co.jp/mono/actjpgs/toyonaka_arisu.jpg
1035377,川崎亜里沙,http://pics.dmm.co.jp/mono/actjpgs/kawasaki_arisa.jpg
1063660,弘崎ゆみな,no-url
1037789,君色花音,http://pics.dmm.co.jp/mono/actjpgs/kimiiro_kanon.jpg
1026979,星空もあ,http://pics.dmm.co.jp/mono/actjpgs/hosizora_moa.jpg
1015794,三浦恵理子,http://pics.dmm.co.jp/mono/actjpgs/miura_eriko.jpg
1041833,岬ななみ,http://pics.dmm.co.jp/mono/actjpgs/misaki_nanami.jpg
1013400,川上奈々美,http://pics.dmm.co.jp/mono/actjpgs/kawakami_nanami.jpg
1065642,花丸くるみ,http://pics.dmm.co.jp/mono/actjpgs/hanamaru_kurumi.jpg
1063060,乙葉カレン,http://pics.dmm.co.jp/mono/actjpgs/otoha_karen.jpg
1052753,桃井杏南,no-url
21269,浅井舞香,http://pics.dmm.co.jp/mono/actjpgs/asai_maika.jpg
1041835,真白ここ,http://pics.dmm.co.jp/mono/actjpgs/masiro_koko.jpg
1058178,詩月まどか,http://pics.dmm.co.jp/mono/actjpgs/siduki_madoka.jpg
1060910,夏目響,http://pics.dmm.co.jp/mono/actjpgs/natume_hibiki.jpg
1053029,永野いち夏,http://pics.dmm.co.jp/mono/actjpgs/nagano_ichika.jpg
1066535,百田くるみ,http://pics.dmm.co.jp/mono/actjpgs/momota_kurumi.jpg
25223,中森玲子,http://pics.dmm.co.jp/mono/actjpgs/nakamori_reiko.jpg
1068132,美波こづえ,http://pics.dmm.co.jp/mono/actjpgs/minami_kodue.jpg
1034310,神楽アイネ,http://pics.dmm.co.jp/mono/actjpgs/kagura_aine.jpg
1047612,羽田つばさ,http://pics.dmm.co.jp/mono/actjpgs/haneda_tubasa2.jpg
1020973,推川ゆうり,http://pics.dmm.co.jp/mono/actjpgs/osikawa_yuuri.jpg
1045338,望月りさ,http://pics.dmm.co.jp/mono/actjpgs/motiduki_risa.jpg
1023821,華原美奈子,http://pics.dmm.co.jp/mono/actjpgs/kahara_minako.jpg
1058932,大川月乃,http://pics.dmm.co.jp/mono/actjpgs/ookawa_tukino.jpg
1061330,有坂真宵,http://pics.dmm.co.jp/mono/actjpgs/arisaka_mayoi.jpg
1044640,阿由葉あみ,http://pics.dmm.co.jp/mono/actjpgs/ayuha_ami.jpg
29949,北条麻妃,http://pics.dmm.co.jp/mono/actjpgs/houzyou_maki.jpg
26774,希崎ジェシカ,http://pics.dmm.co.jp/mono/actjpgs/kizaki_zyesika.jpg
1031434,若槻みづな,http://pics.dmm.co.jp/mono/actjpgs/wakatuki_mizuna.jpg
1047127,咲々原リン,http://pics.dmm.co.jp/mono/actjpgs/sasahara_rin.jpg
1066367,花井しずく,no-url
1068879,一ノ瀬のえる,no-url
1006364,朝倉ことみ,http://pics.dmm.co.jp/mono/actjpgs/asakura_kotomi.jpg
1037509,月野ゆりあ,http://pics.dmm.co.jp/mono/actjpgs/tukino_yuria.jpg
1066646,ののか,http://pics.dmm.co.jp/mono/actjpgs/nonoka.jpg
1057014,水森翠,http://pics.dmm.co.jp/mono/actjpgs/mizumori_sui.jpg
1032821,平岡里枝子,http://pics.dmm.co.jp/mono/actjpgs/hiraoka_rieko.jpg
1058710,藤森里穂,http://pics.dmm.co.jp/mono/actjpgs/huzimori_riho.jpg
1048704,大森しずか,http://pics.dmm.co.jp/mono/actjpgs/omori_shizuka.jpg
1054159,高坂あいり,http://pics.dmm.co.jp/mono/actjpgs/takasaka_airi.jpg
1054208,石原める,http://pics.dmm.co.jp/mono/actjpgs/isihara_meru.jpg
1060676,涼花くるみ,http://pics.dmm.co.jp/mono/actjpgs/suzuka_kurumi.jpg
1037291,一色桃子,http://pics.dmm.co.jp/mono/actjpgs/issiki_momoko.jpg
1065525,高瀬りな,http://pics.dmm.co.jp/mono/actjpgs/takase_rina2.jpg
1036103,深田ナナ,http://pics.dmm.co.jp/mono/actjpgs/hukada_nana.jpg
1052249,七瀬もな,no-url
1056060,姫野ことめ,http://pics.dmm.co.jp/mono/actjpgs/himeno_kotome.jpg
1042022,七瀬るい,no-url
1058926,皆川ゆうな,http://pics.dmm.co.jp/mono/actjpgs/minagawa_yuuna.jpg
15687,青木りん,http://pics.dmm.co.jp/mono/actjpgs/aoki_rin.jpg
1048395,あいだ飛鳥,http://pics.dmm.co.jp/mono/actjpgs/aida_asuka.jpg
1019256,吉永あかね,http://pics.dmm.co.jp/mono/actjpgs/yosinaga_akane.jpg
1042929,小倉由菜,http://pics.dmm.co.jp/mono/actjpgs/ogura_yuna.jpg
1039921,山岸逢花,http://pics.dmm.co.jp/mono/actjpgs/yamagishi_aika.jpg
1064659,夏希ゆめ,http://pics.dmm.co.jp/mono/actjpgs/natuki_yume.jpg
1026237,橋本麻耶,http://pics.dmm.co.jp/mono/actjpgs/hasimoto_maya.jpg
1051800,赤瀬尚子,http://pics.dmm.co.jp/mono/actjpgs/akase_syouko.jpg
1032097,椎名そら,http://pics.dmm.co.jp/mono/actjpgs/siina_sora.jpg
1067029,希望光,no-url
1038230,河南実里,http://pics.dmm.co.jp/mono/actjpgs/kawana_minori.jpg
1041625,宇野栞菜（阿部栞菜）,http://pics.dmm.co.jp/mono/actjpgs/abe_kanna.jpg
1048873,泡沫ゆうき,http://pics.dmm.co.jp/mono/actjpgs/utakata_yuuki.jpg
1057000,佐倉由美子,http://pics.dmm.co.jp/mono/actjpgs/sakura_yumiko.jpg
1053617,高畑ゆい,http://pics.dmm.co.jp/mono/actjpgs/takahata_yui2.jpg
1041646,黒木あおい,http://pics.dmm.co.jp/mono/actjpgs/kuroki_aoi.jpg
1062727,藍川みれい,http://pics.dmm.co.jp/mono/actjpgs/aikawa_mirei.jpg
1016525,浜崎真緒,http://pics.dmm.co.jp/mono/actjpgs/hamasaki_mao.jpg
1034138,あず希,http://pics.dmm.co.jp/mono/actjpgs/azuki3.jpg
1026969,葉月美音,http://pics.dmm.co.jp/mono/actjpgs/hatuki_mion.jpg
1063821,高杉美穂,no-url
1059308,浅見レナ,http://pics.dmm.co.jp/mono/actjpgs/asami_rena.jpg
1046350,松沢ゆかり,http://pics.dmm.co.jp/mono/actjpgs/matuzawa_yukari.jpg
1033869,紗々原ゆり,http://pics.dmm.co.jp/mono/actjpgs/sasahara_yuri3.jpg
1036506,白石りん,http://pics.dmm.co.jp/mono/actjpgs/siraisi_rin.jpg
1036879,高城彩,http://pics.dmm.co.jp/mono/actjpgs/takagi_sayaka2.jpg
1039204,葉月もえ,no-url
14602,葉月奈穂（葉月菜穂）,http://pics.dmm.co.jp/mono/actjpgs/haduki_naho.jpg
1063720,衣吹かのん,http://pics.dmm.co.jp/mono/actjpgs/ibuki_kanon.jpg
1000103,ましろ杏,http://pics.dmm.co.jp/mono/actjpgs/masiro_an.jpg
1059345,うららか麗,http://pics.dmm.co.jp/mono/actjpgs/uraraka_urara.jpg
1066855,小宮浩信,no-url
1020424,横山夏希,http://pics.dmm.co.jp/mono/actjpgs/yokoyama_natuki.jpg
1012844,紗倉まな,http://pics.dmm.co.jp/mono/actjpgs/sakura_mana.jpg
1063906,汐世（有栖花あか）,http://pics.dmm.co.jp/mono/actjpgs/asuka_aka.jpg
1037619,瀬戸すみれ,no-url
23558,紺野ひかる,http://pics.dmm.co.jp/mono/actjpgs/konno_hikaru.jpg
1059504,槙いずな,http://pics.dmm.co.jp/mono/actjpgs/maki_izuna.jpg
1062909,三宮つばき,http://pics.dmm.co.jp/mono/actjpgs/sannomiya_tubaki.jpg
1052350,春風ひかる,http://pics.dmm.co.jp/mono/actjpgs/harukaze_hikaru.jpg
1013455,朝桐光,http://pics.dmm.co.jp/mono/actjpgs/asagiri_akari.jpg
1021359,夏目彩春,http://pics.dmm.co.jp/mono/actjpgs/natume_iroha.jpg
1067946,はやのうた,http://pics.dmm.co.jp/mono/actjpgs/hayano_uta.jpg
1060671,宮崎リン,http://pics.dmm.co.jp/mono/actjpgs/miyazaki_rin.jpg
1008154,宇佐美なな,http://pics.dmm.co.jp/mono/actjpgs/usami_nana2.jpg
1010339,初芽里奈,http://pics.dmm.co.jp/mono/actjpgs/hatume_rina.jpg
1046310,御坂りあ,http://pics.dmm.co.jp/mono/actjpgs/misaka_ria.jpg
1069533,広瀬みつき,http://pics.dmm.co.jp/mono/actjpgs/hirose_mituki.jpg
1020522,愛須心亜,http://pics.dmm.co.jp/mono/actjpgs/aisu_kokoa.jpg
1054763,涼美ほのか,no-url
1038229,新垣智江,http://pics.dmm.co.jp/mono/actjpgs/aragaki_tie.jpg
1008691,矢部寿恵,http://pics.dmm.co.jp/mono/actjpgs/yabe_hisae.jpg
27730,吉岡奈々子,http://pics.dmm.co.jp/mono/actjpgs/yosioka_nanako.jpg
1033871,宮沢ゆかり,http://pics.dmm.co.jp/mono/actjpgs/miyazawa_yukari.jpg
1021316,川菜美鈴,http://pics.dmm.co.jp/mono/actjpgs/kawana_misuzu.jpg
17802,つぼみ,http://pics.dmm.co.jp/mono/actjpgs/tubomi.jpg
1057907,堀沢ゆい,no-url
1036009,小谷みのり,http://pics.dmm.co.jp/mono/actjpgs/kotani_minori.jpg
1056988,心乃秋奈,http://pics.dmm.co.jp/mono/actjpgs/kokorono_akina.jpg
1061657,仲沢ももか,http://pics.dmm.co.jp/mono/actjpgs/nakazawa_momoka.jpg
1064337,東希美,http://pics.dmm.co.jp/mono/actjpgs/azuma_nozomi02.jpg
1050307,北村敏世,no-url
16322,翔田千里,http://pics.dmm.co.jp/mono/actjpgs/syouda_tisato.jpg
1043944,沖田里緒,no-url
1017139,蓮実クレア,http://pics.dmm.co.jp/mono/actjpgs/hasumi_kurea.jpg
1025419,天使もえ,http://pics.dmm.co.jp/mono/actjpgs/amatuka_moe.jpg
1034538,三島奈津子,http://pics.dmm.co.jp/mono/actjpgs/misima_natuko.jpg
1032668,橋本ありな,http://pics.dmm.co.jp/mono/actjpgs/hasimoto_arina.jpg
1060480,田中ねね,http://pics.dmm.co.jp/mono/actjpgs/tanaka_nene.jpg
1042058,有坂深雪,http://pics.dmm.co.jp/mono/actjpgs/arisaka_miyuki.jpg
1045817,八尋麻衣,http://pics.dmm.co.jp/mono/actjpgs/yahiro_mai.jpg
1001148,秋山祥子,http://pics.dmm.co.jp/mono/actjpgs/akiyama_syouko.jpg
30130,大槻ひびき,http://pics.dmm.co.jp/mono/actjpgs/ootuki_hibiki.jpg
1010958,小島みなみ,http://pics.dmm.co.jp/mono/actjpgs/kozima_minami2.jpg
1047860,椎菜アリス,no-url
1027944,若月まりあ,http://pics.dmm.co.jp/mono/actjpgs/wakatuki_maria.jpg
1062056,香椎花乃,http://pics.dmm.co.jp/mono/actjpgs/kasii_kano.jpg
1041375,春咲りょう,http://pics.dmm.co.jp/mono/actjpgs/harusaki_ryou.jpg
1017666,篠宮ゆり,http://pics.dmm.co.jp/mono/actjpgs/sinomiya_yuri.jpg
1069005,朝倉ここな,http://pics.dmm.co.jp/mono/actjpgs/asakura_kokona.jpg
1056586,美乃すずめ,http://pics.dmm.co.jp/mono/actjpgs/mino_suzume.jpg
1029919,小川桃果,http://pics.dmm.co.jp/mono/actjpgs/ogawa_momoka.jpg
1047823,高梨りの,http://pics.dmm.co.jp/mono/actjpgs/takanasi_rino.jpg
1058115,花音うらら,http://pics.dmm.co.jp/mono/actjpgs/kanon_urara.jpg
1037511,前田可奈子,http://pics.dmm.co.jp/mono/actjpgs/maeda_kanako.jpg
1007076,今井まい,http://pics.dmm.co.jp/mono/actjpgs/imai_mai.jpg
1058834,亜矢みつき,no-url
1034659,並木塔子,http://pics.dmm.co.jp/mono/actjpgs/namiki_touko.jpg
1049692,小日向まい,no-url
1046882,大浦真奈美,http://pics.dmm.co.jp/mono/actjpgs/ooura_manami.jpg
1037431,美里亜希,no-url
1066536,碓氷れん,http://pics.dmm.co.jp/mono/actjpgs/usui_ren.jpg
1037791,ひなみれん,http://pics.dmm.co.jp/mono/actjpgs/hinami_ren.jpg
1037981,柳みゆう,http://pics.dmm.co.jp/mono/actjpgs/yanagi_miyuu.jpg
1059341,美波沙耶,http://pics.dmm.co.jp/mono/actjpgs/minami_saya2.jpg
30315,響りん,http://pics.dmm.co.jp/mono/actjpgs/hibiki_rin.jpg
1039405,北川りこ,http://pics.dmm.co.jp/mono/actjpgs/kitagawa_riko.jpg
1015711,麻生希,http://pics.dmm.co.jp/mono/actjpgs/asou_nozomi.jpg
1049908,渚みつき,http://pics.dmm.co.jp/mono/actjpgs/nagisa_mituki.jpg
1022214,八木あずさ,http://pics.dmm.co.jp/mono/actjpgs/yagi_azusa.jpg
1054820,栗栖みなみ,http://pics.dmm.co.jp/mono/actjpgs/kurisu_minami.jpg
1035623,白咲ゆず,http://pics.dmm.co.jp/mono/actjpgs/sirasaki_yuzu.jpg
1021941,白城リサ,http://pics.dmm.co.jp/mono/actjpgs/siroki_risa.jpg
1065059,南みずき,http://pics.dmm.co.jp/mono/actjpgs/minami_mizuki.jpg
1054165,夏希まろん,http://pics.dmm.co.jp/mono/actjpgs/natuki_maron.jpg
1051543,夢見照うた,http://pics.dmm.co.jp/mono/actjpgs/yumemite_uta.jpg
1050637,雪乃凛央,no-url
1002043,友田彩也香,http://pics.dmm.co.jp/mono/actjpgs/tomoda_ayaka.jpg
1058930,堀北つむぎ,http://pics.dmm.co.jp/mono/actjpgs/horikita_tumugi.jpg
1034918,栄川乃亜,http://pics.dmm.co.jp/mono/actjpgs/eikawa_noa.jpg
1064662,乃木はるか,no-url
1060068,影山さくら,http://pics.dmm.co.jp/mono/actjpgs/kageyama_sakura.jpg
1058927,志木あかね,http://pics.dmm.co.jp/mono/actjpgs/siki_akane.jpg
1039044,香苗レノン,http://pics.dmm.co.jp/mono/actjpgs/kanae_renon.jpg
23130,川上ゆう（森野雫）,http://pics.dmm.co.jp/mono/actjpgs/kawakami_yuu.jpg
1055007,黒咲しずく,http://pics.dmm.co.jp/mono/actjpgs/kurosaki_sizuku.jpg
1026925,彩乃なな,http://pics.dmm.co.jp/mono/actjpgs/ayano_nana.jpg
1057690,馬場のん,http://pics.dmm.co.jp/mono/actjpgs/baba_non.jpg
1066778,本田瞳,http://pics.dmm.co.jp/mono/actjpgs/honda_hitomi.jpg
2855,牧原れい子,http://pics.dmm.co.jp/mono/actjpgs/makihara_reiko.jpg
1055707,平川琴菜,no-url
1138,山口珠理,http://pics.dmm.co.jp/mono/actjpgs/yamaguti_syuri.jpg
1021903,阿部乃みく,http://pics.dmm.co.jp/mono/actjpgs/abeno_miku.jpg
1040772,初美りん,http://pics.dmm.co.jp/mono/actjpgs/hatumi_rin.jpg
1032628,相澤ゆりな,http://pics.dmm.co.jp/mono/actjpgs/aizawa_yurina.jpg
1060527,香坂のあ,http://pics.dmm.co.jp/mono/actjpgs/kousaka_noa.jpg
1058646,穂高ひな,http://pics.dmm.co.jp/mono/actjpgs/hodaka_hina.jpg
1039027,五十嵐星蘭,http://pics.dmm.co.jp/mono/actjpgs/igarasi_seiran.jpg
1048400,一ノ瀬あやめ,http://pics.dmm.co.jp/mono/actjpgs/itinose_ayame.jpg
1001722,碧しの（篠めぐみ）,http://pics.dmm.co.jp/mono/actjpgs/aoi_sino.jpg
1060959,豊崎みさと,http://pics.dmm.co.jp/mono/actjpgs/toyosaki_misato.jpg
1043729,武田真,http://pics.dmm.co.jp/mono/actjpgs/takeda_makoto2.jpg
1058575,月乃しずく,http://pics.dmm.co.jp/mono/actjpgs/tukino_sizuku3.jpg
1053417,真白真緒,http://pics.dmm.co.jp/mono/actjpgs/masiro_mao.jpg
14495,晶エリー（新井エリー、大沢佑香）,http://pics.dmm.co.jp/mono/actjpgs/oosawa_yuka2.jpg
26225,波多野結衣,http://pics.dmm.co.jp/mono/actjpgs/hatano_yui.jpg
1058248,水沢つぐみ,no-url
1003300,小向美奈子,http://pics.dmm.co.jp/mono/actjpgs/komukai_minako.jpg
1048128,水卜麻衣奈,no-url
1003758,北川エリカ,http://pics.dmm.co.jp/mono/actjpgs/sonoda_yuria.jpg
1039982,美谷朱里,http://pics.dmm.co.jp/mono/actjpgs/mitani_akari.jpg
1059557,久保みなぎ,http://pics.dmm.co.jp/mono/actjpgs/kubo_minagi.jpg
1061760,葵いぶき,http://pics.dmm.co.jp/mono/actjpgs/aoi_ibuki.jpg
1065376,市来まひろ,http://pics.dmm.co.jp/mono/actjpgs/itiki_mahiro.jpg
1026661,舞園かりん,http://pics.dmm.co.jp/mono/actjpgs/maizono_karin.jpg
1018185,桜井彩,http://pics.dmm.co.jp/mono/actjpgs/sakurai_aya3.jpg
1026635,逢沢はるか（黒木琴音）,http://pics.dmm.co.jp/mono/actjpgs/aizawa_haruka4.jpg
1042431,ななせ麻衣,http://pics.dmm.co.jp/mono/actjpgs/nanase_mai3.jpg
1032774,あおいれな,http://pics.dmm.co.jp/mono/actjpgs/aoi_rena.jpg
1063057,飛鳥りいな,http://pics.dmm.co.jp/mono/actjpgs/asuka_riina.jpg
1060141,木下ひまり（花沢ひまり）,http://pics.dmm.co.jp/mono/actjpgs/kinosita_himari.jpg
1051357,伊賀まこ,http://pics.dmm.co.jp/mono/actjpgs/iga_mako.jpg
1052676,七海ひな（七瀬ひな）,http://pics.dmm.co.jp/mono/actjpgs/nanase_hina.jpg
1023748,宮島優,no-url
1068701,伊佐木リアン,no-url
1036096,笹宮えれな,no-url
1060349,東條有希,no-url
1039994,桐山結羽,http://pics.dmm.co.jp/mono/actjpgs/kiriyama_yuuha.jpg
1052096,生野ひかる,http://pics.dmm.co.jp/mono/actjpgs/ikuno_hikaru.jpg
1041962,高杉麻里,http://pics.dmm.co.jp/mono/actjpgs/takasugi_mari.jpg
1052361,加賀美まり,http://pics.dmm.co.jp/mono/actjpgs/kagami_mari.jpg
1065150,天沢ゆきね,no-url
1055085,中山穂香,no-url
1054998,松本いちか,http://pics.dmm.co.jp/mono/actjpgs/matumoto_itika.jpg
1040946,君島みお,http://pics.dmm.co.jp/mono/actjpgs/kimizima_mio.jpg
1034376,島津かおる,no-url
1051970,篠原ちとせ,http://pics.dmm.co.jp/mono/actjpgs/shinohara_chitose.jpg
1064154,月野かすみ,http://pics.dmm.co.jp/mono/actjpgs/tukino_kasumi.jpg
1057330,安齋らら,http://pics.dmm.co.jp/mono/actjpgs/anzai_rara2.jpg
1065886,七宮ゆりあ,no-url
1065649,北川真由香,http://pics.dmm.co.jp/mono/actjpgs/kitagawa_mayuka.jpg
1042432,一ノ瀬恋,http://pics.dmm.co.jp/mono/actjpgs/itinose_koi.jpg
1046013,結城のの,http://pics.dmm.co.jp/mono/actjpgs/yuuki_nono.jpg
1047549,黒宮えいみ,http://pics.dmm.co.jp/mono/actjpgs/kuromiya_eimi.jpg
1023684,原美織,http://pics.dmm.co.jp/mono/actjpgs/hara_miori.jpg
1039158,あまね弥生,http://pics.dmm.co.jp/mono/actjpgs/amane_yayoi.jpg
1008887,AIKA,http://pics.dmm.co.jp/mono/actjpgs/aika3.jpg
1063408,南乃そら,http://pics.dmm.co.jp/mono/actjpgs/minamino_sora.jpg
1062990,夕季ちとせ,http://pics.dmm.co.jp/mono/actjpgs/yuki_titose.jpg
1063724,七瀬アリス,http://pics.dmm.co.jp/mono/actjpgs/nanase_arisu.jpg
1034872,月乃さくら,http://pics.dmm.co.jp/mono/actjpgs/tukino_sakura.jpg
1027747,香山美桜,http://pics.dmm.co.jp/mono/actjpgs/kayama_mio.jpg
1045373,若月みいな,no-url
1063727,永澤ゆきの,http://pics.dmm.co.jp/mono/actjpgs/nagasawa_yukino.jpg
1034956,彩奈リナ（七原あかり）,http://pics.dmm.co.jp/mono/actjpgs/ayana_rina.jpg
1068672,芹奈りく,http://pics.dmm.co.jp/mono/actjpgs/serina_riku.jpg
1003282,管野しずか,http://pics.dmm.co.jp/mono/actjpgs/kanno_sizuka.jpg
1056300,矢田紀子,no-url
1059800,星仲ここみ,http://pics.dmm.co.jp/mono/actjpgs/hosinaka_kokomi.jpg
1016353,星野ナミ,http://pics.dmm.co.jp/mono/actjpgs/hosino_nami.jpg
1067506,朝日奈かれん,http://pics.dmm.co.jp/mono/actjpgs/asahina_karen2.jpg
1014664,春日野結衣,http://pics.dmm.co.jp/mono/actjpgs/kasugano_yui.jpg
1058577,桜井ゆみ,http://pics.dmm.co.jp/mono/actjpgs/sakurai_yumi3.jpg
1055590,青空ひかり,http://pics.dmm.co.jp/mono/actjpgs/aozora_hikari.jpg
1023703,百合川さら,http://pics.dmm.co.jp/mono/actjpgs/yurikawa_sara.jpg
1050439,月乃ルナ,http://pics.dmm.co.jp/mono/actjpgs/tukino_runa2.jpg
1034392,二階堂ゆり,http://pics.dmm.co.jp/mono/actjpgs/nikaidou_yuri2.jpg
1030589,華月さくら,http://pics.dmm.co.jp/mono/actjpgs/kaduki_sakura.jpg
1024433,涼川絢音,http://pics.dmm.co.jp/mono/actjpgs/suzukawa_ayane.jpg
1059342,梓ヒカリ,http://pics.dmm.co.jp/mono/actjpgs/azusa_hikari.jpg
17145,江波りゅう（RYU),http://pics.dmm.co.jp/mono/actjpgs/ryu.jpg
1065956,三浦るい,no-url
1030550,松下紗栄子,http://pics.dmm.co.jp/mono/actjpgs/matusita_saeko.jpg
1044531,持田栞里,http://pics.dmm.co.jp/mono/actjpgs/motida_siori.jpg
1054106,奈槻れいら,no-url
1012522,白鳥寿美礼,http://pics.dmm.co.jp/mono/actjpgs/siratori_sumire.jpg
1057670,永野つかさ,http://pics.dmm.co.jp/mono/actjpgs/nagano_tukasa.jpg
1031841,花咲いあん,http://pics.dmm.co.jp/mono/actjpgs/hanasaki_ian.jpg
1059940,田所百合,http://pics.dmm.co.jp/mono/actjpgs/tadokoro_yuri.jpg
1058113,ジューン・ラブジョイ,http://pics.dmm.co.jp/mono/actjpgs/zyuun_rabuzyoi.jpg
1005108,羽月希,http://pics.dmm.co.jp/mono/actjpgs/haduki_nozomi.jpg
1047683,佐久間恵美,http://pics.dmm.co.jp/mono/actjpgs/sakuma_emi.jpg
1066112,叶愛,http://pics.dmm.co.jp/mono/actjpgs/kanou_ai3.jpg
1037564,桃菜あこ（明海こう、小泉まり）,http://pics.dmm.co.jp/mono/actjpgs/koizumi_mari.jpg
1050377,菅野真穂,http://pics.dmm.co.jp/mono/actjpgs/kanno_maho.jpg
1032130,佐々木あき,http://pics.dmm.co.jp/mono/actjpgs/sasaki_aki.jpg
1044865,松永さな,http://pics.dmm.co.jp/mono/actjpgs/matunaga_sana.jpg
1054880,大原ゆりあ,http://pics.dmm.co.jp/mono/actjpgs/oohara_yuria.jpg
1044468,汐河佳奈,no-url
1032833,吹石れな,http://pics.dmm.co.jp/mono/actjpgs/hukiisi_rena.jpg
1022288,千乃あずみ,http://pics.dmm.co.jp/mono/actjpgs/tino_azumi.jpg
1034491,姫川ゆうな（月城らん）,http://pics.dmm.co.jp/mono/actjpgs/tukisiro_ran.jpg
1014011,木村つな,http://pics.dmm.co.jp/mono/actjpgs/kimura_tuna.jpg
18878,織田真子,http://pics.dmm.co.jp/mono/actjpgs/oda_mako.jpg
1063407,緑川みやび,http://pics.dmm.co.jp/mono/actjpgs/midorikawa_miyabi.jpg
1050830,高美はるか,http://pics.dmm.co.jp/mono/actjpgs/takami_haruka.jpg
1042596,八乃つばさ,http://pics.dmm.co.jp/mono/actjpgs/hatino_tubasa.jpg
1051792,咲乃小春,http://pics.dmm.co.jp/mono/actjpgs/sakuno_koharu.jpg
1018606,大場ゆい,http://pics.dmm.co.jp/mono/actjpgs/ooba_yui.jpg
8333,青木玲,http://pics.dmm.co.jp/mono/actjpgs/aoki_rei2.jpg
1020173,川越ゆい,http://pics.dmm.co.jp/mono/actjpgs/kawagoe_yui.jpg
1054714,城山若菜,no-url
1053035,中条カノン,no-url
1063729,羽咲美亜,http://pics.dmm.co.jp/mono/actjpgs/hanesaki_mia.jpg
1059338,叶ユリア,http://pics.dmm.co.jp/mono/actjpgs/kanae_yuria.jpg
1050737,日泉舞香,http://pics.dmm.co.jp/mono/actjpgs/hiizumi_maika.jpg
1064832,浅宮ちなつ,no-url
1059228,米津響,http://pics.dmm.co.jp/mono/actjpgs/yonedu_hibiki.jpg
1057139,富井美帆,no-url
1057949,真白わかな,no-url
1012295,枢木みかん,http://pics.dmm.co.jp/mono/actjpgs/kururugi_mikan.jpg
1059813,舞咲璃,http://pics.dmm.co.jp/mono/actjpgs/maisaki_ruri.jpg
21549,佐山愛,http://pics.dmm.co.jp/mono/actjpgs/sayama_ai.jpg
1062413,大空七海,http://pics.dmm.co.jp/mono/actjpgs/ozora_nanami.jpg
1047128,坂道みる,http://pics.dmm.co.jp/mono/actjpgs/sakamiti_miru.jpg
1064393,塩見彩,http://pics.dmm.co.jp/mono/actjpgs/siomi_aya2.jpg
1039679,森川アンナ,http://pics.dmm.co.jp/mono/actjpgs/morikawa_anna3.jpg
26278,長澤あずさ,http://pics.dmm.co.jp/mono/actjpgs/nagasawa_azusa.jpg
1032767,竹内梨恵,http://pics.dmm.co.jp/mono/actjpgs/takeuti_rie.jpg
1029718,なつめ愛莉,http://pics.dmm.co.jp/mono/actjpgs/natume_airi.jpg
1021901,通野未帆,http://pics.dmm.co.jp/mono/actjpgs/toono_miho.jpg
1048339,時田こずえ,no-url
1054327,琴井しほり,http://pics.dmm.co.jp/mono/actjpgs/kotoi_sihori.jpg
1052247,永井マリア,http://pics.dmm.co.jp/mono/actjpgs/nagai_maria2.jpg
24099,樹花凜（七咲楓花）,http://pics.dmm.co.jp/mono/actjpgs/nanasaki_huuka.jpg
1024786,西山あさひ,http://pics.dmm.co.jp/mono/actjpgs/nisiyama_asahi.jpg
1031830,波木はるか,http://pics.dmm.co.jp/mono/actjpgs/namiki_haruka.jpg
1039192,音羽文子,http://pics.dmm.co.jp/mono/actjpgs/otowa_ayako.jpg
1032236,西村ニーナ,http://pics.dmm.co.jp/mono/actjpgs/nisimura_niina.jpg
1015262,松本メイ,http://pics.dmm.co.jp/mono/actjpgs/matumoto_mei.jpg
1066779,小林真梨香,http://pics.dmm.co.jp/mono/actjpgs/kobayasi_marika.jpg
1053520,久留木玲,http://pics.dmm.co.jp/mono/actjpgs/kuruki_rei.jpg
1050729,小川ひまり,no-url
1038396,宮沢ちはる,http://pics.dmm.co.jp/mono/actjpgs/miyazawa_tiharu.jpg
1043833,凛音とうか,http://pics.dmm.co.jp/mono/actjpgs/rinne_touka.jpg
17316,青井マリ,http://pics.dmm.co.jp/mono/actjpgs/aoi_mari.jpg
1058155,山本蓮加,http://pics.dmm.co.jp/mono/actjpgs/yamamoto_renka.jpg
1049866,平花,http://pics.dmm.co.jp/mono/actjpgs/taira_hana.jpg
1050080,笠木いちか,http://pics.dmm.co.jp/mono/actjpgs/kasagi_itika.jpg
1051235,伊東沙蘭,no-url
1007265,高畑ゆり,no-url
1041759,優梨まいな,http://pics.dmm.co.jp/mono/actjpgs/yuuri_maina.jpg
1039995,みひな （あずみひな、永井みひな）,http://pics.dmm.co.jp/mono/actjpgs/nagai_mihina.jpg
1053951,白葉りこ,http://pics.dmm.co.jp/mono/actjpgs/siraha_riko.jpg
1033766,河音くるみ,http://pics.dmm.co.jp/mono/actjpgs/seseragi_kurumi.jpg
1030262,三上悠亜,http://pics.dmm.co.jp/mono/actjpgs/mikami_yua.jpg
1045495,志田雪奈,http://pics.dmm.co.jp/mono/actjpgs/sida_yukina.jpg
1007565,霜月るな,http://pics.dmm.co.jp/mono/actjpgs/simotuki_runa.jpg
1030436,丸山れおな,http://pics.dmm.co.jp/mono/actjpgs/maruyama_reona.jpg
1062074,宮島めい,http://pics.dmm.co.jp/mono/actjpgs/miyazima_mei.jpg
1051454,高瀬智香,http://pics.dmm.co.jp/mono/actjpgs/takase_tomoka.jpg
1033020,平清香,no-url
1029533,南まゆ,http://pics.dmm.co.jp/mono/actjpgs/minami_mayu.jpg
30317,椎名ゆな,http://pics.dmm.co.jp/mono/actjpgs/siina_yuna.jpg
1003808,結城みさ,http://pics.dmm.co.jp/mono/actjpgs/yuuki_misa.jpg
1056458,小鳥遊ももえ,http://pics.dmm.co.jp/mono/actjpgs/takanasi_momoe.jpg
1019890,湊莉久,http://pics.dmm.co.jp/mono/actjpgs/minato_riku.jpg
1052759,悠月リアナ,http://pics.dmm.co.jp/mono/actjpgs/yuduki_riana.jpg
1060023,蒼井れいな,http://pics.dmm.co.jp/mono/actjpgs/aoi_reina.jpg
22574,めぐり（藤浦めぐ）,http://pics.dmm.co.jp/mono/actjpgs/huziura_megu.jpg
1040791,橋本れいか,http://pics.dmm.co.jp/mono/actjpgs/hasimoto_reika.jpg
1046569,美保結衣,http://pics.dmm.co.jp/mono/actjpgs/miho_yui2.jpg
1064730,須崎美羽,no-url
1065327,有岡みう,http://pics.dmm.co.jp/mono/actjpgs/arioka_miu.jpg
1050147,日向恵美,http://pics.dmm.co.jp/mono/actjpgs/hinata_emi.jpg
1036318,明里ともか,http://pics.dmm.co.jp/mono/actjpgs/akari_tomoka.jpg
1035504,佐川はるみ,http://pics.dmm.co.jp/mono/actjpgs/sagawa_harumi.jpg
1004672,JULIA,http://pics.dmm.co.jp/mono/actjpgs/julia.jpg
1046108,唯井まひろ,http://pics.dmm.co.jp/mono/actjpgs/tadai_mahiro.jpg
1008785,篠田ゆう,http://pics.dmm.co.jp/mono/actjpgs/sinoda_yuu.jpg
1032465,今藤霧子,no-url
1032428,浅田結梨,http://pics.dmm.co.jp/mono/actjpgs/asada_yuuri.jpg
1051459,冬愛ことね,http://pics.dmm.co.jp/mono/actjpgs/toa_kotone.jpg
1060961,清宮すず,http://pics.dmm.co.jp/mono/actjpgs/kiyomiya_suzu.jpg
1054882,川原かなえ,http://pics.dmm.co.jp/mono/actjpgs/kawahara_kanae.jpg
1021930,内村りな,http://pics.dmm.co.jp/mono/actjpgs/utimura_rina.jpg
1021308,川村まや,http://pics.dmm.co.jp/mono/actjpgs/kawamura_maya.jpg
1021060,二宮ひかり,http://pics.dmm.co.jp/mono/actjpgs/ninomiya_hikari.jpg
1040694,まなかかな,http://pics.dmm.co.jp/mono/actjpgs/manaka_kana.jpg
1030017,桜ちなみ,http://pics.dmm.co.jp/mono/actjpgs/sakura_tinami.jpg
1047611,黒川すみれ,http://pics.dmm.co.jp/mono/actjpgs/kurokawa_sumire.jpg
1058114,加美杏奈,http://pics.dmm.co.jp/mono/actjpgs/kami_anna.jpg
1055595,吉良りん,http://pics.dmm.co.jp/mono/actjpgs/kira_rin.jpg
1038707,優月まりな,http://pics.dmm.co.jp/mono/actjpgs/yuduki_marina.jpg
1049284,楓カレン,http://pics.dmm.co.jp/mono/actjpgs/kaede_karen.jpg
1053857,小梅えな,http://pics.dmm.co.jp/mono/actjpgs/koume_ena.jpg
1060394,はるか,http://pics.dmm.co.jp/mono/actjpgs/haruka9.jpg
1058220,朱莉きょうこ,http://pics.dmm.co.jp/mono/actjpgs/akari_kyouko.jpg
1048277,星宮一花,http://pics.dmm.co.jp/mono/actjpgs/hosimiya_itika.jpg
20214,初音みのり,http://pics.dmm.co.jp/mono/actjpgs/hatune_minori.jpg
1056062,新川愛七,http://pics.dmm.co.jp/mono/actjpgs/sinkawa_aina.jpg
1011763,山本美和子,http://pics.dmm.co.jp/mono/actjpgs/yamamoto_miwako.jpg
1045642,音海里奈,http://pics.dmm.co.jp/mono/actjpgs/otomi_rina.jpg
1042976,山井すず,http://pics.dmm.co.jp/mono/actjpgs/yamai_suzu.jpg
1058929,音羽ねいろ,http://pics.dmm.co.jp/mono/actjpgs/otoha_neiro.jpg
1017395,神波多一花,http://pics.dmm.co.jp/mono/actjpgs/kamihata_itika.jpg
1054198,四葉さな,no-url
1065814,八乙女なな,http://pics.dmm.co.jp/mono/actjpgs/yaotome_nana.jpg
1050451,東条蒼,http://pics.dmm.co.jp/mono/actjpgs/tojo_aoi.jpg
1017135,鈴木真夕,http://pics.dmm.co.jp/mono/actjpgs/suzuki_mayu.jpg
1059558,高梨ことり,http://pics.dmm.co.jp/mono/actjpgs/takanasi_kotori.jpg
1027976,森はるら,http://pics.dmm.co.jp/mono/actjpgs/mori_harura.jpg
1022697,片瀬仁美,http://pics.dmm.co.jp/mono/actjpgs/katase_hitomi.jpg
1068130,大原あむ,http://pics.dmm.co.jp/mono/actjpgs/ohara_amu.jpg
1018507,葵こはる（えりか）,http://pics.dmm.co.jp/mono/actjpgs/aoi_koharu.jpg
1060657,七瀬かれん,no-url
1058259,市川花音,http://pics.dmm.co.jp/mono/actjpgs/itikawa_kanon2.jpg
1035513,相沢みなみ,http://pics.dmm.co.jp/mono/actjpgs/aizawa_minami.jpg
1043329,浅倉真凛,http://pics.dmm.co.jp/mono/actjpgs/asakura_marin.jpg
1065724,乙アリス,http://pics.dmm.co.jp/mono/actjpgs/otu_arisu.jpg
1063058,三岳ゆうな,http://pics.dmm.co.jp/mono/actjpgs/mitake_yuuna.jpg
1048278,EMILY（桜庭ひかり）,http://pics.dmm.co.jp/mono/actjpgs/sakuraba_hikari.jpg
1063511,星なこ,http://pics.dmm.co.jp/mono/actjpgs/hosi_nako.jpg
1048135,夕美しおん,http://pics.dmm.co.jp/mono/actjpgs/yuumi_sion.jpg
1007792,希咲あや,http://pics.dmm.co.jp/mono/actjpgs/kisaki_aya.jpg
1044864,河北彩花,http://pics.dmm.co.jp/mono/actjpgs/kawakita_saika.jpg
1048033,茜はるか,http://pics.dmm.co.jp/mono/actjpgs/akane_haruka2.jpg
1042123,桃尻かのん,http://pics.dmm.co.jp/mono/actjpgs/momoziri_kanon.jpg
1057634,白川ゆず,http://pics.dmm.co.jp/mono/actjpgs/shirakawa_yuzu.jpg
1048560,黒崎みか,http://pics.dmm.co.jp/mono/actjpgs/kurosaki_mika.jpg
1057488,乙咲あいみ,no-url
1067710,九条みちる,http://pics.dmm.co.jp/mono/actjpgs/kuzyou_mitiru.jpg
1010736,希咲エマ（HARUKI、加藤はる希）,http://pics.dmm.co.jp/mono/actjpgs/kisaki_ema.jpg
1014936,佳苗るか,http://pics.dmm.co.jp/mono/actjpgs/kanae_ruka.jpg
1021895,美里有紗,http://pics.dmm.co.jp/mono/actjpgs/misato_arisa.jpg
1065005,斎藤まりな,http://pics.dmm.co.jp/mono/actjpgs/saitou_marina.jpg
1023317,さとう愛理,http://pics.dmm.co.jp/mono/actjpgs/satou_airi.jpg
1061478,要ゆの,no-url
1042130,石川祐奈,http://pics.dmm.co.jp/mono/actjpgs/isikawa_yuuna.jpg
1032765,夏希のあ,no-url
1061822,武田エレナ,http://pics.dmm.co.jp/mono/actjpgs/takeda_erena.jpg
1063409,まみや羽花,http://pics.dmm.co.jp/mono/actjpgs/mamiya_uka.jpg
1064905,吉永このみ,http://pics.dmm.co.jp/mono/actjpgs/yosinaga_konomi.jpg
1066532,田嶋まお,no-url
1056227,広瀬結香,http://pics.dmm.co.jp/mono/actjpgs/hirose_yuuka.jpg
1030492,上島美都子,no-url
1041095,吉高寧々,http://pics.dmm.co.jp/mono/actjpgs/yositaka_nene.jpg
1064660,堀北わん,http://pics.dmm.co.jp/mono/actjpgs/horikita_wan.jpg
1043075,美国沙耶,http://pics.dmm.co.jp/mono/actjpgs/mikuni_saya.jpg
1060677,小野六花,http://pics.dmm.co.jp/mono/actjpgs/ono_rikka.jpg
1053258,柊るい,http://pics.dmm.co.jp/mono/actjpgs/hiiragi_rui.jpg
1043123,有村のぞみ,http://pics.dmm.co.jp/mono/actjpgs/arimura_nozomi.jpg
1051554,高梨ゆあ,http://pics.dmm.co.jp/mono/actjpgs/takanashi_yua.jpg
1042314,泉りおん,http://pics.dmm.co.jp/mono/actjpgs/izumi_rion.jpg
1044731,水野優香,http://pics.dmm.co.jp/mono/actjpgs/mizuno_yuuka.jpg
1064394,雨宮もな,http://pics.dmm.co.jp/mono/actjpgs/amemiya_mona.jpg
1057832,深沢いのり,http://pics.dmm.co.jp/mono/actjpgs/hukazawa_inori.jpg
1065803,希のぞみ,no-url
1063728,岬さくら,http://pics.dmm.co.jp/mono/actjpgs/misaki_sakura2.jpg
1053257,美甘りか,http://pics.dmm.co.jp/mono/actjpgs/miama_rika.jpg
1040008,藤波さとり,http://pics.dmm.co.jp/mono/actjpgs/fujinami_satori.jpg
1045319,梨々花,http://pics.dmm.co.jp/mono/actjpgs/ririka5.jpg
1054680,流田みな実,http://pics.dmm.co.jp/mono/actjpgs/nagata_minami.jpg
1010133,さとう遥希,http://pics.dmm.co.jp/mono/actjpgs/satou_haruki.jpg
1032262,七菜原ココ,no-url
1064208,乙花イブ,no-url
1058129,真矢織江,no-url
1034388,藤咲エレン,http://pics.dmm.co.jp/mono/actjpgs/huzisaki_eren.jpg
1051008,稲場るか,http://pics.dmm.co.jp/mono/actjpgs/inaba_ruka.jpg
1066822,園川あいら,no-url
1056036,小坂芽衣,http://pics.dmm.co.jp/mono/actjpgs/kosaka_mei.jpg
1033468,前園希美,http://pics.dmm.co.jp/mono/actjpgs/maezono_nozomi.jpg
1033972,中尾芽衣子（NOA）,http://pics.dmm.co.jp/mono/actjpgs/nakao_meiko.jpg
1052756,石原理央,http://pics.dmm.co.jp/mono/actjpgs/isihara_rio.jpg
1051793,三船かれん,http://pics.dmm.co.jp/mono/actjpgs/mifune_karen.jpg
1052391,新田みれい,http://pics.dmm.co.jp/mono/actjpgs/nitta_mirei.jpg
7849,紫彩乃,http://pics.dmm.co.jp/mono/actjpgs/murasaki_ayano.jpg
1059611,丘えりな,http://pics.dmm.co.jp/mono/actjpgs/oka_erina.jpg
1030312,加藤あやの,http://pics.dmm.co.jp/mono/actjpgs/katou_ayano2.jpg
1028653,中里美穂,http://pics.dmm.co.jp/mono/actjpgs/nakazato_miho2.jpg
1026090,井上綾子,http://pics.dmm.co.jp/mono/actjpgs/inoue_ayako.jpg
24651,瀬名あゆむ（広瀬藍子）,http://pics.dmm.co.jp/mono/actjpgs/sena_ayumu.jpg
1044473,益坂美亜,http://pics.dmm.co.jp/mono/actjpgs/masuzaka_mia.jpg
1068755,高山すず,no-url
1027409,澁谷果歩,http://pics.dmm.co.jp/mono/actjpgs/sibuya_kaho.jpg
1056987,彩音めぐみ,http://pics.dmm.co.jp/mono/actjpgs/ayane_megumi.jpg
1038570,愛瀬美希,http://pics.dmm.co.jp/mono/actjpgs/aise_miki.jpg
1032760,成宮はるあ,http://pics.dmm.co.jp/mono/actjpgs/narimiya_harua.jpg
1064278,水森めぐ,http://pics.dmm.co.jp/mono/actjpgs/mizumori_megu.jpg
1042423,美原すみれ,no-url
1048046,深田結梨,http://pics.dmm.co.jp/mono/actjpgs/hukada_yuuri.jpg
1045134,村上涼子,no-url
1042907,伊藤舞雪,http://pics.dmm.co.jp/mono/actjpgs/ito_mayuki.jpg
1065404,蘭華,http://pics.dmm.co.jp/mono/actjpgs/ranka.jpg
1056466,山口葉瑠,http://pics.dmm.co.jp/mono/actjpgs/yamaguti_haru.jpg
1067213,氷堂りりあ,http://pics.dmm.co.jp/mono/actjpgs/hyoudou_riria.jpg
1030491,甘良しずく,http://pics.dmm.co.jp/mono/actjpgs/amara_sizuku.jpg
17860,水城奈緒,http://pics.dmm.co.jp/mono/actjpgs/mizuki_nao.jpg
1037168,松本菜奈実,http://pics.dmm.co.jp/mono/actjpgs/matumoto_nanami.jpg
1039157,桜空もも,http://pics.dmm.co.jp/mono/actjpgs/sakura_momo4.jpg
1012910,本真ゆり,http://pics.dmm.co.jp/mono/actjpgs/honma_yuri.jpg
1068760,壇凛沙,http://pics.dmm.co.jp/mono/actjpgs/dan_risa2.jpg
1032615,森苺莉,http://pics.dmm.co.jp/mono/actjpgs/mori_mairi.jpg
1038706,水卜さくら,http://pics.dmm.co.jp/mono/actjpgs/miura_sakura.jpg
1040691,嶋崎かすみ,http://pics.dmm.co.jp/mono/actjpgs/simazaki_kasumi.jpg
1060596,桜井美羽,no-url
1035287,柏木舞子,http://pics.dmm.co.jp/mono/actjpgs/kasiwagi_maiko.jpg
1032266,向井藍,http://pics.dmm.co.jp/mono/actjpgs/mukai_ai.jpg
1005331,美咲結衣,http://pics.dmm.co.jp/mono/actjpgs/misaki_yui2.jpg
1068618,丹羽すみれ,no-url
26883,折原ゆかり,http://pics.dmm.co.jp/mono/actjpgs/orihara_yukari.jpg
1045370,最上さゆき,http://pics.dmm.co.jp/mono/actjpgs/mogami_sayuki.jpg
1061549,本田さとみ,http://pics.dmm.co.jp/mono/actjpgs/honda_satomi3.jpg
1048868,山岡りりな,no-url
1037141,三苫うみ,http://pics.dmm.co.jp/mono/actjpgs/mitoma_umi.jpg
1034540,飛鳥りん,http://pics.dmm.co.jp/mono/actjpgs/asuka_rin.jpg
1045262,雛鶴みお,http://pics.dmm.co.jp/mono/actjpgs/hinazuru_mio.jpg
1043812,神谷充希,http://pics.dmm.co.jp/mono/actjpgs/kamiya_mitsuki.jpg
1043325,森ほたる,http://pics.dmm.co.jp/mono/actjpgs/mori_hotaru.jpg
1004964,絵色千佳,http://pics.dmm.co.jp/mono/actjpgs/eiro_tika.jpg
1044982,水川スミレ,http://pics.dmm.co.jp/mono/actjpgs/mizukawa_sumire.jpg
1065692,最上ゆら,no-url
1054163,朝倉凪,http://pics.dmm.co.jp/mono/actjpgs/asakura_nagi.jpg
1052996,山崎水愛,http://pics.dmm.co.jp/mono/actjpgs/yamazaki_akua.jpg
1049029,牧村柚希,http://pics.dmm.co.jp/mono/actjpgs/makimura_yuki.jpg
1059863,神野ひな,no-url
1036877,矢澤美々,http://pics.dmm.co.jp/mono/actjpgs/yazawa_mimi.jpg
1047095,彩葉みおり,http://pics.dmm.co.jp/mono/actjpgs/ayaha_miori.jpg
1011992,本庄瞳,http://pics.dmm.co.jp/mono/actjpgs/honjyou_hitomi.jpg
1049518,二葉エマ,http://pics.dmm.co.jp/mono/actjpgs/hutaba_ema.jpg
13645,沢田麗奈,http://pics.dmm.co.jp/mono/actjpgs/sawada_reina.jpg
1038521,あけみみう,http://pics.dmm.co.jp/mono/actjpgs/akemi_miu.jpg
1058644,星乃マミ,http://pics.dmm.co.jp/mono/actjpgs/hosino_mami2.jpg
1035159,河北はるな,http://pics.dmm.co.jp/mono/actjpgs/kawakita_haruna.jpg
1042993,喜多方涼,http://pics.dmm.co.jp/mono/actjpgs/kitakata_ryou.jpg
1057013,中山ふみか,http://pics.dmm.co.jp/mono/actjpgs/nakayama_humika.jpg
1060145,水咲結乃,no-url
1066240,成海美雨,no-url
1035622,西宮ゆめ,http://pics.dmm.co.jp/mono/actjpgs/nisimiya_yume.jpg
1064171,朝陽えま,no-url
1030054,葵千恵,http://pics.dmm.co.jp/mono/actjpgs/aoi_tie.jpg
1051402,日下部加奈,http://pics.dmm.co.jp/mono/actjpgs/kusakabe_kana.jpg
1036092,野々宮みさと,http://pics.dmm.co.jp/mono/actjpgs/nonomiya_misato.jpg
1055313,麻倉ゆあ,http://pics.dmm.co.jp/mono/actjpgs/asakura_yua.jpg
1064005,中条鈴華,http://pics.dmm.co.jp/mono/actjpgs/nakazyou_suzuka.jpg
1048446,小泉ひなた,http://pics.dmm.co.jp/mono/actjpgs/koizumi_hinata.jpg
1048468,深田えいみ,http://pics.dmm.co.jp/mono/actjpgs/hukada_eimi.jpg
1064559,潮美舞,http://pics.dmm.co.jp/mono/actjpgs/siomi_mai.jpg
1013253,芹沢つむぎ,http://pics.dmm.co.jp/mono/actjpgs/serizawa_tumugi.jpg
17080,桐原あずさ（伊藤あずさ）,http://pics.dmm.co.jp/mono/actjpgs/itou_azusa.jpg
1047230,有栖るる,http://pics.dmm.co.jp/mono/actjpgs/arisu_ruru.jpg
1044811,上川星空,http://pics.dmm.co.jp/mono/actjpgs/kamikawa_sora.jpg
1067267,楪カレン,http://pics.dmm.co.jp/mono/actjpgs/yuzuriha_karen.jpg
1042507,遥あやね,http://pics.dmm.co.jp/mono/actjpgs/haruka_ayane.jpg
1021402,星川麻紀,http://pics.dmm.co.jp/mono/actjpgs/hosikawa_maki.jpg
1025913,橋野愛琉,http://pics.dmm.co.jp/mono/actjpgs/hasino_airu.jpg
1008769,真木今日子,http://pics.dmm.co.jp/mono/actjpgs/maki_kyouko.jpg
1038466,後藤里香,http://pics.dmm.co.jp/mono/actjpgs/gotou_rika.jpg
1057344,中城葵,http://pics.dmm.co.jp/mono/actjpgs/nakazyo_aoi.jpg
1028565,早川瑞希,http://pics.dmm.co.jp/mono/actjpgs/hayakawa_mizuki.jpg
1056573,香坂みりな,no-url
1026093,並木杏梨,http://pics.dmm.co.jp/mono/actjpgs/namiki_anri.jpg
1031805,桃乃木かな,http://pics.dmm.co.jp/mono/actjpgs/momonogi_kana.jpg
1039997,生田みく,http://pics.dmm.co.jp/mono/actjpgs/ikuta_miku.jpg
4294,友田真希,http://pics.dmm.co.jp/mono/actjpgs/tomoda_maki.jpg
1030623,江上しほ,http://pics.dmm.co.jp/mono/actjpgs/egami_siho.jpg
1040005,水原乃亜,http://pics.dmm.co.jp/mono/actjpgs/mizuhara_noa.jpg
1023222,宮崎あや,http://pics.dmm.co.jp/mono/actjpgs/miyazaki_aya.jpg
1025776,東凛,http://pics.dmm.co.jp/mono/actjpgs/azuma_rin.jpg
1050192,葉月桃,http://pics.dmm.co.jp/mono/actjpgs/haduki_momo.jpg
1019323,夢乃あいか,http://pics.dmm.co.jp/mono/actjpgs/yumeno_aika.jpg
12360,もちづきる美,http://pics.dmm.co.jp/mono/actjpgs/motiduki_rumi.jpg
1063362,池谷佳純,http://pics.dmm.co.jp/mono/actjpgs/ikeya_kasumi.jpg
1059612,露梨あやせ,http://pics.dmm.co.jp/mono/actjpgs/tuyuri_ayase.jpg
1063275,天音ゆい,http://pics.dmm.co.jp/mono/actjpgs/amane_yui.jpg
22474,鈴木さとみ,http://pics.dmm.co.jp/mono/actjpgs/suzuki_satomi.jpg
1034137,今井ゆあ,http://pics.dmm.co.jp/mono/actjpgs/imai_yua.jpg
1020726,小西まりえ,http://pics.dmm.co.jp/mono/actjpgs/konisi_marie.jpg
1043955,牧村彩香,http://pics.dmm.co.jp/mono/actjpgs/makimura_ayaka.jpg
1020685,森沢かな（飯岡かなこ）,http://pics.dmm.co.jp/mono/actjpgs/iioka_kanako.jpg
1026630,桜木優希音,http://pics.dmm.co.jp/mono/actjpgs/sakuragi_yukine.jpg
1061212,杏羽かれん,http://pics.dmm.co.jp/mono/actjpgs/kyouwa_karen.jpg
1001206,春菜はな,http://pics.dmm.co.jp/mono/actjpgs/haruna_hana.jpg
1060273,朝日しずく,http://pics.dmm.co.jp/mono/actjpgs/asahi_sizuku.jpg
1016186,白木優子,http://pics.dmm.co.jp/mono/actjpgs/siraki_yuuko.jpg
1066538,堀内未果子,http://pics.dmm.co.jp/mono/actjpgs/horiuti_mikako.jpg
1034073,月本愛,http://pics.dmm.co.jp/mono/actjpgs/tukimoto_ai.jpg
1052706,愛沢さら,http://pics.dmm.co.jp/mono/actjpgs/aizawa_sara.jpg
1061062,柏木あみ,http://pics.dmm.co.jp/mono/actjpgs/kasiwagi_ami.jpg
1063643,鈴乃広香,http://pics.dmm.co.jp/mono/actjpgs/suzuno_hiroka.jpg
1060960,純真かれん,http://pics.dmm.co.jp/mono/actjpgs/zyunsin_karen.jpg
1005334,神ユキ,http://pics.dmm.co.jp/mono/actjpgs/zin_yuki.jpg
1057333,若槻さくら,no-url
1065375,琴石ゆめる,http://pics.dmm.co.jp/mono/actjpgs/kotoisi_yumeru.jpg
1066856,森田哲矢,no-url
1028857,大島優香,http://pics.dmm.co.jp/mono/actjpgs/oosima_yuuka.jpg
1064655,木村穂乃香,http://pics.dmm.co.jp/mono/actjpgs/kimura_honoka.jpg
1059559,新田みずほ,http://pics.dmm.co.jp/mono/actjpgs/nitta_mizuho.jpg
1059537,真宮あや,http://pics.dmm.co.jp/mono/actjpgs/mamiya_aya.jpg
1061659,姫咲はな,http://pics.dmm.co.jp/mono/actjpgs/himesaki_hana.jpg
1063360,斎藤みなみ,http://pics.dmm.co.jp/mono/actjpgs/saitou_minami.jpg
1065931,ちゃんよた,http://pics.dmm.co.jp/mono/actjpgs/tyanyota.jpg
1051877,逢見リカ,http://pics.dmm.co.jp/mono/actjpgs/aimi_rika.jpg
1034249,神納花,http://pics.dmm.co.jp/mono/actjpgs/kano_hana.jpg
1044545,富田優衣,http://pics.dmm.co.jp/mono/actjpgs/tomita_yui.jpg
1035931,玉木くるみ,http://pics.dmm.co.jp/mono/actjpgs/tamaki_kurumi.jpg
1058363,如月夏希,no-url
1053034,大谷翔子,http://pics.dmm.co.jp/mono/actjpgs/ohtani_shoko.jpg
1019602,桜井あゆ,http://pics.dmm.co.jp/mono/actjpgs/sakurai_ayu.jpg
1063214,七ツ森りり,http://pics.dmm.co.jp/mono/actjpgs/nanatumori_riri.jpg
1064658,成田つむぎ,http://pics.dmm.co.jp/mono/actjpgs/narita_tumugi.jpg
1040687,工藤まなみ,http://pics.dmm.co.jp/mono/actjpgs/kudou_manami.jpg
1025503,篠田あゆみ,http://pics.dmm.co.jp/mono/actjpgs/sinoda_ayumi.jpg
1013499,春原未来,http://pics.dmm.co.jp/mono/actjpgs/sunohara_miki.jpg
1061480,綾野鈴珠,no-url
1061347,宇流木さら,http://pics.dmm.co.jp/mono/actjpgs/uruki_sara.jpg
1050055,桜羽のどか,http://pics.dmm.co.jp/mono/actjpgs/sakuraba_nodoka.jpg
1019029,卯水咲流,http://pics.dmm.co.jp/mono/actjpgs/usui_saryuu.jpg
1038702,星咲セイラ,http://pics.dmm.co.jp/mono/actjpgs/hosisaki_seira.jpg
1046899,遠田恵未,http://pics.dmm.co.jp/mono/actjpgs/tooda_emi.jpg
1052353,星越かなめ,no-url
1068193,辻さくら,http://pics.dmm.co.jp/mono/actjpgs/tuzi_sakura.jpg
1067504,大原理央,http://pics.dmm.co.jp/mono/actjpgs/oohara_rio.jpg
1009304,瀬名ひかり,http://pics.dmm.co.jp/mono/actjpgs/sena_hikari.jpg
1063307,天然かのん,http://pics.dmm.co.jp/mono/actjpgs/amane_kanon.jpg
28108,水沢真樹,http://pics.dmm.co.jp/mono/actjpgs/mizusawa_maki.jpg
1057921,愛乃零（浅見せな）,http://pics.dmm.co.jp/mono/actjpgs/aino_rei.jpg
1058112,瀬崎彩音,http://pics.dmm.co.jp/mono/actjpgs/sezaki_ayane.jpg
1059333,朝比奈ななせ,http://pics.dmm.co.jp/mono/actjpgs/asahi_nanase.jpg
1037293,桐谷まつり,http://pics.dmm.co.jp/mono/actjpgs/kiritani_maturi.jpg
1069384,工藤ララ,http://pics.dmm.co.jp/mono/actjpgs/kudou_rara.jpg
1043024,夢乃美咲,http://pics.dmm.co.jp/mono/actjpgs/yumeno_misaki.jpg
1473,松本まりな,http://pics.dmm.co.jp/mono/actjpgs/matumoto_marina.jpg
1052739,望月あやか,http://pics.dmm.co.jp/mono/actjpgs/motizuki_ayaka.jpg
2752,風間ゆみ,http://pics.dmm.co.jp/mono/actjpgs/kazama_yumi.jpg
1021367,希島あいり,http://pics.dmm.co.jp/mono/actjpgs/kizima_airi.jpg
1006228,早乙女らぶ,http://pics.dmm.co.jp/mono/actjpgs/saotome_rabu.jpg
1053618,渚ひまわり,no-url
1059560,岡江凛,http://pics.dmm.co.jp/mono/actjpgs/okae_rin.jpg
1033410,斉藤みゆ,http://pics.dmm.co.jp/mono/actjpgs/saitou_miyu.jpg
1053120,永瀬愛菜,no-url
1063844,志恩まこ,http://pics.dmm.co.jp/mono/actjpgs/sion_mako.jpg
1036212,悠月アイシャ,http://pics.dmm.co.jp/mono/actjpgs/yuduki_aisya.jpg
1036804,藍川美夏,http://pics.dmm.co.jp/mono/actjpgs/aikawa_mika.jpg
1041106,愛花みちる,http://pics.dmm.co.jp/mono/actjpgs/manaka_mitiru2.jpg
1055905,愛瀬るか,http://pics.dmm.co.jp/mono/actjpgs/aise_ruka.jpg
1046723,皆月ひかる,http://pics.dmm.co.jp/mono/actjpgs/minazuki_hikaru.jpg
1043259,椎葉みくる,http://pics.dmm.co.jp/mono/actjpgs/siiba_mikuru.jpg
1063059,若宮はずき,http://pics.dmm.co.jp/mono/actjpgs/wakamiya_hazuki.jpg
1023847,初川みなみ,http://pics.dmm.co.jp/mono/actjpgs/hatukawa_minami.jpg
1055600,甘乃つばき,http://pics.dmm.co.jp/mono/actjpgs/kanno_tubaki.jpg
1036352,新村あかり,http://pics.dmm.co.jp/mono/actjpgs/niimura_akari.jpg
1043753,倉木しおり,http://pics.dmm.co.jp/mono/actjpgs/kuraki_siori.jpg
1022394,佐々木恋海（向井恋）,http://pics.dmm.co.jp/mono/actjpgs/mukai_ren.jpg
1061655,如月ましろ,http://pics.dmm.co.jp/mono/actjpgs/kisaragi_masiro.jpg
1029720,天海しおり,no-url
1036875,由來ちとせ,http://pics.dmm.co.jp/mono/actjpgs/yura_titose.jpg
1039574,小野さち子,no-url
1059798,栗山絵麻,no-url
1043775,市橋えりな,http://pics.dmm.co.jp/mono/actjpgs/itihasi_erina.jpg
1034339,妃月るい,http://pics.dmm.co.jp/mono/actjpgs/hiduki_rui.jpg
1022901,紗藤まゆ,http://pics.dmm.co.jp/mono/actjpgs/satou_mayu.jpg
1056324,辻芽愛里,http://pics.dmm.co.jp/mono/actjpgs/tuzi_meari.jpg
1064344,空見依央梨,no-url
1014614,小早川怜子,http://pics.dmm.co.jp/mono/actjpgs/kobayakawa_reiko.jpg
1022129,塚田詩織,http://pics.dmm.co.jp/mono/actjpgs/tukada_siori.jpg
1064003,春明潤,http://pics.dmm.co.jp/mono/actjpgs/harumi_zyun.jpg
1017267,本田岬,http://pics.dmm.co.jp/mono/actjpgs/honda_misaki.jpg
1041891,水戸かな,http://pics.dmm.co.jp/mono/actjpgs/mito_kana.jpg
1042475,水澄ひかり,http://pics.dmm.co.jp/mono/actjpgs/misumi_hikari.jpg
1036643,清城ゆき,http://pics.dmm.co.jp/mono/actjpgs/seizyou_yuki.jpg
1065057,藤井いよな,http://pics.dmm.co.jp/mono/actjpgs/huzii_iyona.jpg
1065709,最上一花（佐藤花）,http://pics.dmm.co.jp/mono/actjpgs/sato_hana.jpg
1054437,宇佐木あいか,http://pics.dmm.co.jp/mono/actjpgs/usagi_aika.jpg
1039293,関根奈美,http://pics.dmm.co.jp/mono/actjpgs/sekine_nami.jpg
1053519,中野七緒,http://pics.dmm.co.jp/mono/actjpgs/nakano_nao.jpg
1051456,山口椿,http://pics.dmm.co.jp/mono/actjpgs/yamaguchi_tsubaki.jpg
1054877,岩沢香代,no-url
1059802,羽生アリサ（羽生ありさ）,http://pics.dmm.co.jp/mono/actjpgs/hanyuu_arisa.jpg
12839,村上涼子（中村りかこ、黒木菜穂）,http://pics.dmm.co.jp/mono/actjpgs/murakami_ryouko.jpg
1063999,井上そら,http://pics.dmm.co.jp/mono/actjpgs/inoue_sora.jpg
1064656,木ノ葉みう,http://pics.dmm.co.jp/mono/actjpgs/konoha_miu.jpg
1066655,茉宮なぎ,no-url
1034355,高橋しょう子,http://pics.dmm.co.jp/mono/actjpgs/takahasi_syouko.jpg
1041476,黒川さりな,http://pics.dmm.co.jp/mono/actjpgs/kurokawa_sarina.jpg
1057476,広瀬なるみ,http://pics.dmm.co.jp/mono/actjpgs/hirose_narumi.jpg
1022567,原田京子,no-url
1065058,天上みさ,http://pics.dmm.co.jp/mono/actjpgs/amagami_misa.jpg
1026296,佐倉絆,http://pics.dmm.co.jp/mono/actjpgs/sakura_kizuna.jpg
1060824,鷲尾めい,http://pics.dmm.co.jp/mono/actjpgs/wasio_mei.jpg
28071,滝川恵理（有沢実紗）,http://pics.dmm.co.jp/mono/actjpgs/arisawa_misa.jpg
1043077,仲間明日香,http://pics.dmm.co.jp/mono/actjpgs/nakama_asuka.jpg
1021911,青井いちご,http://pics.dmm.co.jp/mono/actjpgs/aoi_itigo.jpg
1052094,永瀬ゆい,http://pics.dmm.co.jp/mono/actjpgs/nagase_yui2.jpg
1066534,沙和れもん,http://pics.dmm.co.jp/mono/actjpgs/sawa_remon.jpg
1059812,さとう白音,http://pics.dmm.co.jp/mono/actjpgs/satou_sion.jpg
1055816,もなみ鈴,http://pics.dmm.co.jp/mono/actjpgs/monami_suzu.jpg
1036364,桜咲姫莉,http://pics.dmm.co.jp/mono/actjpgs/ousaki_himeri.jpg
1043832,宝田もなみ,http://pics.dmm.co.jp/mono/actjpgs/takarada_monami.jpg
1057694,林愛菜,http://pics.dmm.co.jp/mono/actjpgs/hayasi_mana.jpg
1021394,乙葉ななせ,http://pics.dmm.co.jp/mono/actjpgs/otoha_nanase.jpg
1051967,桜樹玲奈,http://pics.dmm.co.jp/mono/actjpgs/sakuragi_reina2.jpg
1025901,広瀬奈々美（堀口奈津美）,http://pics.dmm.co.jp/mono/actjpgs/hirose_nanami.jpg
1036057,咲坂花恋,http://pics.dmm.co.jp/mono/actjpgs/sakisaka_karen.jpg
1041704,久保今日子,http://pics.dmm.co.jp/mono/actjpgs/kubo_kyouko.jpg
1039047,枢木あおい,http://pics.dmm.co.jp/mono/actjpgs/kururugi_aoi.jpg
1019466,近藤郁（近藤郁美）,http://pics.dmm.co.jp/mono/actjpgs/kondou_ikumi.jpg
1033841,麻里梨夏,http://pics.dmm.co.jp/mono/actjpgs/mari_rika.jpg
12558,鮎川るい,http://pics.dmm.co.jp/mono/actjpgs/ayukawa_rui.jpg
1066539,香乃萌音,http://pics.dmm.co.jp/mono/actjpgs/kouno_mone.jpg
1058101,優木しの,no-url
1059499,真田紗也子,no-url
1058110,吉良薫,http://pics.dmm.co.jp/mono/actjpgs/kira_kaoru.jpg
1053102,高宮菜々子,http://pics.dmm.co.jp/mono/actjpgs/takamiya_nanako.jpg
24595,澤村レイコ（高坂保奈美、高坂ますみ）,http://pics.dmm.co.jp/mono/actjpgs/takasaka_honami.jpg
1058559,広瀬りおな,http://pics.dmm.co.jp/mono/actjpgs/hirose_riona.jpg
1036610,梨杏なつ,http://pics.dmm.co.jp/mono/actjpgs/rian_natu.jpg
1059753,本郷愛（二階堂夢）,http://pics.dmm.co.jp/mono/actjpgs/hongou_ai2.jpg
1048360,西野美幸,http://pics.dmm.co.jp/mono/actjpgs/nisino_miyuki.jpg
1021374,伊東紅,http://pics.dmm.co.jp/mono/actjpgs/itou_beni.jpg
1042476,優木いおり,http://pics.dmm.co.jp/mono/actjpgs/yuuki_iori.jpg
1061346,加賀美さら,http://pics.dmm.co.jp/mono/actjpgs/kagami_sara.jpg
1040000,橋下まこ,no-url
1017715,きみと歩実,http://pics.dmm.co.jp/mono/actjpgs/kimino_ayumi.jpg
1058252,柳井める,http://pics.dmm.co.jp/mono/actjpgs/yanai_meru.jpg
1050646,佐藤エル,http://pics.dmm.co.jp/mono/actjpgs/sato_eru.jpg
1038159,内原美智子,no-url
1064216,峰田ななみ,http://pics.dmm.co.jp/mono/actjpgs/mineta_nanami.jpg
1053031,深田みお,http://pics.dmm.co.jp/mono/actjpgs/fukada_mio.jpg
1049136,優木なお,http://pics.dmm.co.jp/mono/actjpgs/yuuki_nao.jpg
1064392,栗山莉緒,http://pics.dmm.co.jp/mono/actjpgs/kuriyama_rio.jpg
1037715,鷹宮ゆい,http://pics.dmm.co.jp/mono/actjpgs/takamiya_yui.jpg
1007306,竹内麻耶,http://pics.dmm.co.jp/mono/actjpgs/takeuti_maya.jpg
1054923,佐伯由美香,http://pics.dmm.co.jp/mono/actjpgs/saeki_yumika.jpg
1042126,杏璃さや,http://pics.dmm.co.jp/mono/actjpgs/anri_saya.jpg
1061345,矢乃かのん,http://pics.dmm.co.jp/mono/actjpgs/yano_kanon.jpg
27230,Hitomi（田中瞳）,http://pics.dmm.co.jp/mono/actjpgs/tanaka_hitomi3.jpg
1054196,涼城りおな,no-url
1016835,あやみ旬果,http://pics.dmm.co.jp/mono/actjpgs/ayami_syunka.jpg
1052865,古賀まつな,http://pics.dmm.co.jp/mono/actjpgs/koga_matsuna.jpg
1049135,野々原なずな,http://pics.dmm.co.jp/mono/actjpgs/nonohara_nazuna.jpg
1039020,ひなた澪,http://pics.dmm.co.jp/mono/actjpgs/hinata_mio.jpg
1068670,花狩まい,http://pics.dmm.co.jp/mono/actjpgs/kagari_mai.jpg
1027558,美咲かんな,http://pics.dmm.co.jp/mono/actjpgs/misaki_kanna.jpg
1061281,七美せな,http://pics.dmm.co.jp/mono/actjpgs/nanami_sena2.jpg
1019329,鈴木心春,http://pics.dmm.co.jp/mono/actjpgs/suzuki_koharu.jpg
1060745,桃尻かなめ,http://pics.dmm.co.jp/mono/actjpgs/momoziri_kaname.jpg
1049032,岬あずさ,http://pics.dmm.co.jp/mono/actjpgs/misaki_azusa.jpg
1063674,百瀬あすか,http://pics.dmm.co.jp/mono/actjpgs/momose_asuka.jpg
1057465,七星ここ,no-url
1029403,桐嶋りの,http://pics.dmm.co.jp/mono/actjpgs/kirisima_rino.jpg
1050836,真田さな（真田美樹、真田みづ稀）,http://pics.dmm.co.jp/mono/actjpgs/sanada_mizuki.jpg
1051803,葉月レイラ,http://pics.dmm.co.jp/mono/actjpgs/haduki_reira.jpg
24095,艶堂しほり（遠藤しおり）,http://pics.dmm.co.jp/mono/actjpgs/endou_sihori.jpg
1028657,NAO（美竹すず）,http://pics.dmm.co.jp/mono/actjpgs/mitake_suzu.jpg
1050542,乃木蛍,http://pics.dmm.co.jp/mono/actjpgs/nogi_hotaru.jpg
14754,長瀬麻美,http://pics.dmm.co.jp/mono/actjpgs/nagase_mami.jpg
1038842,七海ゆあ,http://pics.dmm.co.jp/mono/actjpgs/nanami_yua.jpg
1055577,葉山夏菜,no-url
1054167,河奈亜依,http://pics.dmm.co.jp/mono/actjpgs/kawana_ai2.jpg
1033238,笹倉杏,http://pics.dmm.co.jp/mono/actjpgs/sasakura_an.jpg
1041840,金杉里織,no-url
1061248,渡辺まお,http://pics.dmm.co.jp/mono/actjpgs/watanabe_mao.jpg
1051009,須崎まどか,http://pics.dmm.co.jp/mono/actjpgs/suzaki_madoka.jpg
1035549,八神さおり,http://pics.dmm.co.jp/mono/actjpgs/yagami_saori.jpg
1035021,戸田真琴,http://pics.dmm.co.jp/mono/actjpgs/toda_makoto.jpg
1039490,一色さゆり,http://pics.dmm.co.jp/mono/actjpgs/isshiki_sayuri.jpg
1025941,伊東真緒,http://pics.dmm.co.jp/mono/actjpgs/itou_mao2.jpg
1059227,木下凛々子,http://pics.dmm.co.jp/mono/actjpgs/kinosita_ririko.jpg
1044857,本庄鈴,http://pics.dmm.co.jp/mono/actjpgs/honjo_suzu.jpg
1041110,星奈あい,http://pics.dmm.co.jp/mono/actjpgs/hoshina_ai.jpg
1035657,泉ののか,http://pics.dmm.co.jp/mono/actjpgs/izumi_nonoka.jpg
26375,みづなれい（みずなれい）,http://pics.dmm.co.jp/mono/actjpgs/miduna_rei.jpg
460,加山なつこ,http://pics.dmm.co.jp/mono/actjpgs/kayama_natuko.jpg
1035602,篠崎みお,http://pics.dmm.co.jp/mono/actjpgs/sinozaki_mio.jpg
1001592,天海つばさ,http://pics.dmm.co.jp/mono/actjpgs/amami_tubasa.jpg
1011694,南梨央奈,http://pics.dmm.co.jp/mono/actjpgs/minami_riona.jpg
1063673,佐田茉莉子,http://pics.dmm.co.jp/mono/actjpgs/sata_mariko.jpg
1057470,永野楓果,no-url
1035047,かなで自由,http://pics.dmm.co.jp/mono/actjpgs/kanade_miyu.jpg
1062253,桜ゆり,http://pics.dmm.co.jp/mono/actjpgs/sakura_yuri.jpg
1031741,二宮和香,http://pics.dmm.co.jp/mono/actjpgs/ninomiya_waka.jpg
1054715,神咲まい,http://pics.dmm.co.jp/mono/actjpgs/kamisaki_mai.jpg
1025133,安野由美,http://pics.dmm.co.jp/mono/actjpgs/yasuno_yumi.jpg
1064657,湊ひめか,http://pics.dmm.co.jp/mono/actjpgs/minato_himeka.jpg
1051297,ベアトリクス,no-url
1062721,樋口みつは,http://pics.dmm.co.jp/mono/actjpgs/higuti_mituha.jpg
1015386,尾上若葉,http://pics.dmm.co.jp/mono/actjpgs/onoue_wakaba.jpg
1026902,武藤あやか,http://pics.dmm.co.jp/mono/actjpgs/mutou_ayaka.jpg
1053259,三咲美憂,http://pics.dmm.co.jp/mono/actjpgs/misaki_miyuu.jpg
1056059,藍色なぎ,http://pics.dmm.co.jp/mono/actjpgs/aiiro_nagi.jpg
1018233,本田莉子,http://pics.dmm.co.jp/mono/actjpgs/honda_riko.jpg
1065687,竹田まい,no-url
1060822,葉月りの,http://pics.dmm.co.jp/mono/actjpgs/haduki_rino.jpg
1056456,谷あづさ,http://pics.dmm.co.jp/mono/actjpgs/tani_adusa.jpg
1060821,川村晴,http://pics.dmm.co.jp/mono/actjpgs/kawamura_haru.jpg
2517,瞳リョウ,http://pics.dmm.co.jp/mono/actjpgs/hitomi_ryou.jpg
1059344,伊藤かえで,http://pics.dmm.co.jp/mono/actjpgs/itou_kaede2.jpg
1033121,涼宮琴音,http://pics.dmm.co.jp/mono/actjpgs/suzumiya_kotone.jpg
1064006,天ノうた,http://pics.dmm.co.jp/mono/actjpgs/amano_uta.jpg
1031800,桃瀬ゆり,http://pics.dmm.co.jp/mono/actjpgs/momose_yuri.jpg
1060823,乙白さやか,http://pics.dmm.co.jp/mono/actjpgs/otosiro_sayaka.jpg
1044544,一条みお,http://pics.dmm.co.jp/mono/actjpgs/itizyou_mio.jpg
1053039,佐知子,http://pics.dmm.co.jp/mono/actjpgs/sachiko.jpg
1064132,白桃はな,http://pics.dmm.co.jp/mono/actjpgs/sirato_hana.jpg
1064143,沙月恵奈,http://pics.dmm.co.jp/mono/actjpgs/satuki_ena.jpg
1018785,吉川あいみ,http://pics.dmm.co.jp/mono/actjpgs/yosikawa_aimi.jpg
1065378,月島さくら,http://pics.dmm.co.jp/mono/actjpgs/tukisima_sakura.jpg
1048856,雪美千夏,http://pics.dmm.co.jp/mono/actjpgs/yukimi_chinatsu.jpg
1048042,夢咲ひなみ,http://pics.dmm.co.jp/mono/actjpgs/yumesaki_hinami.jpg
1015472,ティア,http://pics.dmm.co.jp/mono/actjpgs/tia.jpg
1049281,明望萌衣,http://pics.dmm.co.jp/mono/actjpgs/harumi_mei2.jpg
1039866,逢沢まりあ,http://pics.dmm.co.jp/mono/actjpgs/aizawa_maria.jpg
1006261,琥珀うた,http://pics.dmm.co.jp/mono/actjpgs/kohaku_uta.jpg
1034092,森下美緒,http://pics.dmm.co.jp/mono/actjpgs/morisita_mio.jpg
1061509,天音まひな,http://pics.dmm.co.jp/mono/actjpgs/amane_mahina.jpg
1054189,琴音芽衣,no-url
1024996,水原さな,http://pics.dmm.co.jp/mono/actjpgs/mizuhara_sana.jpg
1060272,羽田希,http://pics.dmm.co.jp/mono/actjpgs/haneda_nozomi.jpg
1029035,高嶋ゆいか,http://pics.dmm.co.jp/mono/actjpgs/takasima_yuika.jpg
1024513,橘メアリー,http://pics.dmm.co.jp/mono/actjpgs/tatibana_mearii.jpg
1006229,葵つかさ,http://pics.dmm.co.jp/mono/actjpgs/aoi_tukasa.jpg
1036215,緒方泰子,http://pics.dmm.co.jp/mono/actjpgs/ogata_yasuko.jpg
1048450,月下あいり,no-url
1061058,土屋かなで,http://pics.dmm.co.jp/mono/actjpgs/tutiya_kanade.jpg
1025436,西田カリナ,http://pics.dmm.co.jp/mono/actjpgs/nisida_karina.jpg
1049695,綾瀬麻衣子（沢口まりあ）,http://pics.dmm.co.jp/mono/actjpgs/ayase_maiko.jpg
1044099,美園和花,http://pics.dmm.co.jp/mono/actjpgs/misono_waka.jpg
1055598,舞原聖,http://pics.dmm.co.jp/mono/actjpgs/maihara_hiziri.jpg
1056460,辻井ほのか,http://pics.dmm.co.jp/mono/actjpgs/tuzii_honoka.jpg
1061789,山岸ゆり,no-url
27093,円城ひとみ,http://pics.dmm.co.jp/mono/actjpgs/enzyou_hitomi.jpg
1016110,倉多まお,http://pics.dmm.co.jp/mono/actjpgs/kurata_mao2.jpg
1063904,里仲ゆい,no-url
1026768,葵紫穂,http://pics.dmm.co.jp/mono/actjpgs/aoi_siho.jpg
15365,麻美ゆま,http://pics.dmm.co.jp/mono/actjpgs/asami_yuma.jpg
1051455,高槻れい,http://pics.dmm.co.jp/mono/actjpgs/takatsuki_rei.jpg
1032761,桃園怜奈,http://pics.dmm.co.jp/mono/actjpgs/momozono_rena.jpg
1031775,RION,http://pics.dmm.co.jp/mono/actjpgs/rion3.jpg
1055230,藍芽みずき,http://pics.dmm.co.jp/mono/actjpgs/aiga_mizuki.jpg
1054915,新名あみん,http://pics.dmm.co.jp/mono/actjpgs/niina_amin.jpg
1060018,日向理名,http://pics.dmm.co.jp/mono/actjpgs/hinata_rina.jpg
1046997,植木翔子,http://pics.dmm.co.jp/mono/actjpgs/ueki_syouko.jpg
1067177,柊紗栄子,http://pics.dmm.co.jp/mono/actjpgs/hiiragi_saeko.jpg
1027935,松坂美紀,http://pics.dmm.co.jp/mono/actjpgs/matuzaka_miki.jpg
1009531,神咲詩織,http://pics.dmm.co.jp/mono/actjpgs/kamisaki_siori.jpg
1031482,跡美しゅり,http://pics.dmm.co.jp/mono/actjpgs/atomi_syuri.jpg
1054823,黒崎さく,no-url
1065524,七嶋十愛,http://pics.dmm.co.jp/mono/actjpgs/nanasima_toa.jpg
1050319,三浦歩美,http://pics.dmm.co.jp/mono/actjpgs/miura_ayumi.jpg
1051299,西野たえ,http://pics.dmm.co.jp/mono/actjpgs/nisino_tae.jpg
1051683,筧ジュン,http://pics.dmm.co.jp/mono/actjpgs/kakei_jun.jpg
1061502,平手まな,no-url
1059080,東條なつ,http://pics.dmm.co.jp/mono/actjpgs/toujyou_natu.jpg
17700,加藤ツバキ（夏樹カオル）,http://pics.dmm.co.jp/mono/actjpgs/katou_tubaki.jpg
1061763,神坂朋子,http://pics.dmm.co.jp/mono/actjpgs/kamisaka_tomoko.jpg
1025784,夏希みなみ,http://pics.dmm.co.jp/mono/actjpgs/natuki_minami.jpg
1054439,妃ひかり,http://pics.dmm.co.jp/mono/actjpgs/kisaki_hikari.jpg
1046567,日向うみ,http://pics.dmm.co.jp/mono/actjpgs/hinata_umi.jpg
1012352,鶴田かな,http://pics.dmm.co.jp/mono/actjpgs/turuta_kana.jpg
24261,森ななこ,http://pics.dmm.co.jp/mono/actjpgs/mori_nanako.jpg
1051946,野々宮蘭,no-url
1030692,成宮いろは,http://pics.dmm.co.jp/mono/actjpgs/narumiya_iroha.jpg
1053543,ひなたまりん,http://pics.dmm.co.jp/mono/actjpgs/hinata_marin.jpg
1031823,皆野あい,http://pics.dmm.co.jp/mono/actjpgs/minano_ai.jpg
1052636,松ゆきの,http://pics.dmm.co.jp/mono/actjpgs/matu_yukino.jpg
1041717,宝生リリー,http://pics.dmm.co.jp/mono/actjpgs/housyou_ririi.jpg
1055894,目黒めぐみ,http://pics.dmm.co.jp/mono/actjpgs/meguro_megumi.jpg
1058573,児玉れな,http://pics.dmm.co.jp/mono/actjpgs/kodama_rena.jpg
1044060,桑田みのり,http://pics.dmm.co.jp/mono/actjpgs/kuwata_minori.jpg
1063216,新川ゆず,no-url
1028933,中村知恵,http://pics.dmm.co.jp/mono/actjpgs/nakamura_tomoe.jpg
1061063,石原希望,http://pics.dmm.co.jp/mono/actjpgs/isihara_nozomi2.jpg
1043984,岩瀬りな,http://pics.dmm.co.jp/mono/actjpgs/iwase_rina.jpg
1010922,加納綾子,http://pics.dmm.co.jp/mono/actjpgs/kanou_ayako.jpg
1042219,架乃ゆら,http://pics.dmm.co.jp/mono/actjpgs/kano_yura.jpg
1063016,藤田こずえ,http://pics.dmm.co.jp/mono/actjpgs/huzita_kozue.jpg
1066374,成美このは,no-url
1046237,葵百合香,http://pics.dmm.co.jp/mono/actjpgs/aoi_yurika.jpg
1060067,椎名のあ,no-url
1065808,舞奈みく,http://pics.dmm.co.jp/mono/actjpgs/maina_miku2.jpg
1041176,星島るり,http://pics.dmm.co.jp/mono/actjpgs/hosizima_ruri.jpg
1057464,高城ひかる,no-url
1057831,白坂有以,http://pics.dmm.co.jp/mono/actjpgs/sirasaka_yui.jpg
1057477,八木奈々,http://pics.dmm.co.jp/mono/actjpgs/yagi_nana.jpg
1052930,吉根ゆりあ,http://pics.dmm.co.jp/mono/actjpgs/yoshine_yuria.jpg
1038712,佐藤ののか（加藤ももか）,http://pics.dmm.co.jp/mono/actjpgs/katou_momoka.jpg
1062051,前乃菜々,http://pics.dmm.co.jp/mono/actjpgs/maeno_nana.jpg
1020285,有本紗世,http://pics.dmm.co.jp/mono/actjpgs/arimoto_sayo.jpg
1059605,初島うい,http://pics.dmm.co.jp/mono/actjpgs/hatusima_ui.jpg
1063277,瀬戸奈々子,http://pics.dmm.co.jp/mono/actjpgs/seto_nanako.jpg
1007544,有村千佳,http://pics.dmm.co.jp/mono/actjpgs/arimura_tika.jpg
1053492,椎木くるみ,no-url
1034488,鈴屋いちご,http://pics.dmm.co.jp/mono/actjpgs/suzuya_itigo.jpg
1037663,明里つむぎ,http://pics.dmm.co.jp/mono/actjpgs/akari_tumugi.jpg
1054168,弥生みづき,http://pics.dmm.co.jp/mono/actjpgs/yayoi_miduki.jpg
1017210,一条綺美香,http://pics.dmm.co.jp/mono/actjpgs/itizyou_kimika.jpg
1038572,愛里るい,http://pics.dmm.co.jp/mono/actjpgs/airi_rui.jpg
1014463,美泉咲,http://pics.dmm.co.jp/mono/actjpgs/mizumi_saki.jpg
1013949,初美沙希,http://pics.dmm.co.jp/mono/actjpgs/hatumi_saki.jpg
1056033,有村えりか,http://pics.dmm.co.jp/mono/actjpgs/arimura_erika.jpg
1058928,二階堂ゆか,http://pics.dmm.co.jp/mono/actjpgs/nikaidou_yuka.jpg
1045823,皆瀬杏樹,no-url
1050318,今井夏帆,http://pics.dmm.co.jp/mono/actjpgs/imai_kaho.jpg
1062041,さつき芽衣,http://pics.dmm.co.jp/mono/actjpgs/satuki_mei3.jpg
27748,小西みか,http://pics.dmm.co.jp/mono/actjpgs/konisi_mika.jpg
1052986,月宮ねね,no-url
592,よしい美希（伊沢涼子、吉井美希）,http://pics.dmm.co.jp/mono/actjpgs/yosii_miki2.jpg
1060675,詩音乃らん,http://pics.dmm.co.jp/mono/actjpgs/siono_ran.jpg
1058513,千種ちな,no-url
1028195,谷原希美,http://pics.dmm.co.jp/mono/actjpgs/tanihara_nozomi.jpg
1032843,涼海みさ,http://pics.dmm.co.jp/mono/actjpgs/suzumi_misa.jpg
1061348,椿りか,http://pics.dmm.co.jp/mono/actjpgs/tubaki_rika.jpg
1056220,天川そら,http://pics.dmm.co.jp/mono/actjpgs/amakawa_sora.jpg
1063308,蓮見天,http://pics.dmm.co.jp/mono/actjpgs/hasumi_ten.jpg
1021364,宮本紗央里,http://pics.dmm.co.jp/mono/actjpgs/miyamoto_saori2.jpg
1032088,小野寺梨紗,http://pics.dmm.co.jp/mono/actjpgs/onodera_risa.jpg
1004617,伊織涼子,http://pics.dmm.co.jp/mono/actjpgs/iori_ryouko.jpg
1068487,リリー・ハート,http://pics.dmm.co.jp/mono/actjpgs/ririi_haato.jpg
1015712,あべみかこ,http://pics.dmm.co.jp/mono/actjpgs/abe_mikako.jpg
1011094,由愛可奈,http://pics.dmm.co.jp/mono/actjpgs/yume_kana.jpg
1051002,加瀬ななほ,http://pics.dmm.co.jp/mono/actjpgs/kase_nanaho.jpg
1040910,宮村ななこ,http://pics.dmm.co.jp/mono/actjpgs/miyamura_nanako.jpg
1033976,羽咲みはる,http://pics.dmm.co.jp/mono/actjpgs/usa_miharu.jpg
1028447,白井ゆずか,http://pics.dmm.co.jp/mono/actjpgs/sirai_yuzuka.jpg
1065809,REMI,http://pics.dmm.co.jp/mono/actjpgs/remi.jpg
1036351,天野美優,http://pics.dmm.co.jp/mono/actjpgs/amano_miyu.jpg
1035406,成澤ひなみ,http://pics.dmm.co.jp/mono/actjpgs/narusawa_hinami.jpg
1052881,花宮レイ,no-url
1059343,河合ゆい,http://pics.dmm.co.jp/mono/actjpgs/kawai_yui6.jpg
1042721,香坂紗梨,http://pics.dmm.co.jp/mono/actjpgs/kousaka_sari.jpg
1001189,松すみれ,http://pics.dmm.co.jp/mono/actjpgs/matu_sumire.jpg
1054993,佐藤りこ,http://pics.dmm.co.jp/mono/actjpgs/sato_riko.jpg
1057657,五十嵐かな,no-url
1048558,あゆみ莉花,http://pics.dmm.co.jp/mono/actjpgs/ayumi_rika2.jpg
1031241,若菜奈央,http://pics.dmm.co.jp/mono/actjpgs/wakana_nao.jpg
1038799,霧島さくら,http://pics.dmm.co.jp/mono/actjpgs/kirisima_sakura.jpg
1048221,河北麻衣,http://pics.dmm.co.jp/mono/actjpgs/kawakita_mai.jpg
1002357,麻倉憂,http://pics.dmm.co.jp/mono/actjpgs/asakura_yuu.jpg
1066774,吉野里奈,http://pics.dmm.co.jp/mono/actjpgs/yosino_rina.jpg
1058590,相馬茜,http://pics.dmm.co.jp/mono/actjpgs/souma_akane.jpg
1028658,西条沙羅,http://pics.dmm.co.jp/mono/actjpgs/saizyou_sara.jpg
1064775,田中美矢,http://pics.dmm.co.jp/mono/actjpgs/tanaka_miya.jpg
1042825,坂咲みほ,http://pics.dmm.co.jp/mono/actjpgs/sakazaki_miho.jpg
